per_plate,tones,trap_ratio,sieve_contrast,on_shape,site_min,site_max,rogue,drive_rms,acoustic_W,compile_s
3,1,0.7837,0.0707,0.0400,0.0000,0.0315,0.9600,476.44941,5512.47304,1.57
3,3,0.3939,0.2462,0.0534,0.0000,0.0269,0.9466,292.66443,6239.84808,6.98
3,9,0.1478,0.8142,0.7173,0.0000,0.3753,0.2827,105.81069,2446.89025,28.46
12,1,0.6768,0.4166,0.0738,0.0000,0.0412,0.9262,116.67916,1322.38976,1.75
12,3,0.1817,1.0880,0.9744,0.0000,0.2505,0.0256,50.56885,745.17835,8.84
12,9,0.1016,1.3457,0.9988,0.0000,0.2150,0.0012,29.99037,786.28319,33.56
48,1,0.6587,0.7381,0.1987,0.0000,0.0835,0.8013,38.83511,585.97882,2.70
48,3,0.1298,1.1600,0.9165,0.0000,0.2506,0.0835,13.01624,197.48086,13.59
48,9,0.0986,1.7543,1.0000,0.0000,0.1651,0.0000,9.99000,348.98473,54.34
192,1,0.6722,0.6704,0.1516,0.0000,0.0514,0.8484,9.16509,130.54675,6.62
192,3,0.1404,1.2564,1.0000,0.0000,0.2754,0.0000,3.63504,61.60720,32.48
192,9,0.1074,1.6210,1.0000,0.0328,0.0865,0.0000,2.18161,66.57165,129.95
768,1,0.6753,0.6591,0.1582,0.0000,0.0458,0.8418,2.31848,33.41634,22.49
768,3,0.1218,1.2488,1.0000,0.0000,0.2691,0.0000,1.16945,25.50573,114.97
768,9,0.0846,1.6979,1.0000,0.0404,0.0934,0.0000,0.61480,21.14801,454.59
