x_mm,y_mm,z_mm,grains,basin_share
8.244,0.000,0.000,247,0.0437
7.610,3.171,0.000,96,0.0672
5.708,5.708,0.000,160,0.0663
3.171,7.610,0.000,195,0.0717
0.000,8.244,0.000,97,0.0358
-3.171,7.610,0.000,253,0.0773
-5.708,5.708,0.000,111,0.0517
-7.610,3.171,0.000,348,0.0865
-8.244,0.000,0.000,92,0.0328
-7.610,-3.171,0.000,294,0.0747
-5.708,-5.708,0.000,21,0.0606
-3.171,-7.610,0.000,344,0.0854
0.000,-8.244,0.000,119,0.0339
3.171,-7.610,0.000,163,0.0705
5.708,-5.708,0.000,130,0.0697
7.610,-3.171,0.000,330,0.0723
