view,i,j,value
xy,0,0,0.1554
xy,0,1,0.1524
xy,0,2,0.0968
xy,0,3,0.1128
xy,0,4,0.1474
xy,0,5,0.1593
xy,0,6,0.1828
xy,0,7,0.2119
xy,0,8,0.2360
xy,0,9,0.1940
xy,0,10,0.1576
xy,0,11,0.1541
xy,0,12,0.1571
xy,0,13,0.2174
xy,0,14,0.2873
xy,0,15,0.3320
xy,0,16,0.3388
xy,0,17,0.3156
xy,0,18,0.2714
xy,0,19,0.2283
xy,0,20,0.2440
xy,0,21,0.2589
xy,0,22,0.2291
xy,0,23,0.1822
xy,0,24,0.1541
xy,0,25,0.1245
xy,0,26,0.1617
xy,0,27,0.2023
xy,0,28,0.2060
xy,0,29,0.1793
xy,0,30,0.1548
xy,0,31,0.1424
xy,0,32,0.1624
xy,0,33,0.1766
xy,0,34,0.2006
xy,0,35,0.2080
xy,0,36,0.1960
xy,0,37,0.1798
xy,0,38,0.1897
xy,1,0,0.1752
xy,1,1,0.1544
xy,1,2,0.1117
xy,1,3,0.0981
xy,1,4,0.1321
xy,1,5,0.1638
xy,1,6,0.1821
xy,1,7,0.2180
xy,1,8,0.2390
xy,1,9,0.1886
xy,1,10,0.1805
xy,1,11,0.1368
xy,1,12,0.1400
xy,1,13,0.2018
xy,1,14,0.2916
xy,1,15,0.3428
xy,1,16,0.3673
xy,1,17,0.3481
xy,1,18,0.2927
xy,1,19,0.2494
xy,1,20,0.2564
xy,1,21,0.2705
xy,1,22,0.2474
xy,1,23,0.2274
xy,1,24,0.1932
xy,1,25,0.1530
xy,1,26,0.1844
xy,1,27,0.2301
xy,1,28,0.2267
xy,1,29,0.2122
xy,1,30,0.2062
xy,1,31,0.1896
xy,1,32,0.1866
xy,1,33,0.1792
xy,1,34,0.2117
xy,1,35,0.2158
xy,1,36,0.2008
xy,1,37,0.1998
xy,1,38,0.1999
xy,2,0,0.1555
xy,2,1,0.1476
xy,2,2,0.1374
xy,2,3,0.1230
xy,2,4,0.1363
xy,2,5,0.1751
xy,2,6,0.1866
xy,2,7,0.1840
xy,2,8,0.2352
xy,2,9,0.2723
xy,2,10,0.2284
xy,2,11,0.1410
xy,2,12,0.1645
xy,2,13,0.2370
xy,2,14,0.3242
xy,2,15,0.3805
xy,2,16,0.4167
xy,2,17,0.4060
xy,2,18,0.3846
xy,2,19,0.3418
xy,2,20,0.2907
xy,2,21,0.2545
xy,2,22,0.2463
xy,2,23,0.2328
xy,2,24,0.2066
xy,2,25,0.1789
xy,2,26,0.1839
xy,2,27,0.2085
xy,2,28,0.1922
xy,2,29,0.2054
xy,2,30,0.2294
xy,2,31,0.2384
xy,2,32,0.2173
xy,2,33,0.1969
xy,2,34,0.1952
xy,2,35,0.2052
xy,2,36,0.2188
xy,2,37,0.2269
xy,2,38,0.2307
xy,3,0,0.1527
xy,3,1,0.1424
xy,3,2,0.1515
xy,3,3,0.1677
xy,3,4,0.1728
xy,3,5,0.2004
xy,3,6,0.2091
xy,3,7,0.2271
xy,3,8,0.2964
xy,3,9,0.3050
xy,3,10,0.2369
xy,3,11,0.1771
xy,3,12,0.2026
xy,3,13,0.2832
xy,3,14,0.3289
xy,3,15,0.3837
xy,3,16,0.4188
xy,3,17,0.4276
xy,3,18,0.4203
xy,3,19,0.4020
xy,3,20,0.3696
xy,3,21,0.2933
xy,3,22,0.2534
xy,3,23,0.2259
xy,3,24,0.1990
xy,3,25,0.1847
xy,3,26,0.1860
xy,3,27,0.1896
xy,3,28,0.1924
xy,3,29,0.2084
xy,3,30,0.2552
xy,3,31,0.2837
xy,3,32,0.2602
xy,3,33,0.2288
xy,3,34,0.2110
xy,3,35,0.1978
xy,3,36,0.2119
xy,3,37,0.2315
xy,3,38,0.2471
xy,4,0,0.2282
xy,4,1,0.2097
xy,4,2,0.1665
xy,4,3,0.1688
xy,4,4,0.1728
xy,4,5,0.1764
xy,4,6,0.1896
xy,4,7,0.2332
xy,4,8,0.2834
xy,4,9,0.2786
xy,4,10,0.2386
xy,4,11,0.2139
xy,4,12,0.2389
xy,4,13,0.2754
xy,4,14,0.3060
xy,4,15,0.3261
xy,4,16,0.3699
xy,4,17,0.3962
xy,4,18,0.4023
xy,4,19,0.4005
xy,4,20,0.3762
xy,4,21,0.3509
xy,4,22,0.3172
xy,4,23,0.2683
xy,4,24,0.2278
xy,4,25,0.2082
xy,4,26,0.2150
xy,4,27,0.2081
xy,4,28,0.1930
xy,4,29,0.2051
xy,4,30,0.2504
xy,4,31,0.2798
xy,4,32,0.2806
xy,4,33,0.2398
xy,4,34,0.2101
xy,4,35,0.2163
xy,4,36,0.2089
xy,4,37,0.2353
xy,4,38,0.2575
xy,5,0,0.3304
xy,5,1,0.2861
xy,5,2,0.1790
xy,5,3,0.1420
xy,5,4,0.1485
xy,5,5,0.1571
xy,5,6,0.1797
xy,5,7,0.1910
xy,5,8,0.2157
xy,5,9,0.2067
xy,5,10,0.2120
xy,5,11,0.2076
xy,5,12,0.2063
xy,5,13,0.2239
xy,5,14,0.2753
xy,5,15,0.3541
xy,5,16,0.4036
xy,5,17,0.4254
xy,5,18,0.4393
xy,5,19,0.4515
xy,5,20,0.4565
xy,5,21,0.4529
xy,5,22,0.4081
xy,5,23,0.3426
xy,5,24,0.2684
xy,5,25,0.2374
xy,5,26,0.2638
xy,5,27,0.2620
xy,5,28,0.2159
xy,5,29,0.1982
xy,5,30,0.2254
xy,5,31,0.2453
xy,5,32,0.2406
xy,5,33,0.2477
xy,5,34,0.2334
xy,5,35,0.2345
xy,5,36,0.2118
xy,5,37,0.2216
xy,5,38,0.2293
xy,6,0,0.3202
xy,6,1,0.3060
xy,6,2,0.2236
xy,6,3,0.1217
xy,6,4,0.1411
xy,6,5,0.1672
xy,6,6,0.1758
xy,6,7,0.1507
xy,6,8,0.1480
xy,6,9,0.1580
xy,6,10,0.1816
xy,6,11,0.2093
xy,6,12,0.2222
xy,6,13,0.2399
xy,6,14,0.2702
xy,6,15,0.3961
xy,6,16,0.4752
xy,6,17,0.5188
xy,6,18,0.5540
xy,6,19,0.5567
xy,6,20,0.5094
xy,6,21,0.4677
xy,6,22,0.4149
xy,6,23,0.3620
xy,6,24,0.3387
xy,6,25,0.3209
xy,6,26,0.3052
xy,6,27,0.2892
xy,6,28,0.2572
xy,6,29,0.2361
xy,6,30,0.2523
xy,6,31,0.2624
xy,6,32,0.2379
xy,6,33,0.2466
xy,6,34,0.2356
xy,6,35,0.2327
xy,6,36,0.2171
xy,6,37,0.1991
xy,6,38,0.2056
xy,7,0,0.2392
xy,7,1,0.2680
xy,7,2,0.2165
xy,7,3,0.1486
xy,7,4,0.1510
xy,7,5,0.2030
xy,7,6,0.1860
xy,7,7,0.1501
xy,7,8,0.1421
xy,7,9,0.1468
xy,7,10,0.2024
xy,7,11,0.2478
xy,7,12,0.2535
xy,7,13,0.2445
xy,7,14,0.2849
xy,7,15,0.4136
xy,7,16,0.5235
xy,7,17,0.6033
xy,7,18,0.6090
xy,7,19,0.6072
xy,7,20,0.5739
xy,7,21,0.5290
xy,7,22,0.4867
xy,7,23,0.4202
xy,7,24,0.3699
xy,7,25,0.3493
xy,7,26,0.3349
xy,7,27,0.3143
xy,7,28,0.2955
xy,7,29,0.2804
xy,7,30,0.2751
xy,7,31,0.2580
xy,7,32,0.2292
xy,7,33,0.2219
xy,7,34,0.2224
xy,7,35,0.2427
xy,7,36,0.2532
xy,7,37,0.2377
xy,7,38,0.2047
xy,8,0,0.1523
xy,8,1,0.1655
xy,8,2,0.1673
xy,8,3,0.1520
xy,8,4,0.1555
xy,8,5,0.1967
xy,8,6,0.1877
xy,8,7,0.1807
xy,8,8,0.1774
xy,8,9,0.2057
xy,8,10,0.2804
xy,8,11,0.3503
xy,8,12,0.3723
xy,8,13,0.3445
xy,8,14,0.3434
xy,8,15,0.4305
xy,8,16,0.5399
xy,8,17,0.6273
xy,8,18,0.6873
xy,8,19,0.6954
xy,8,20,0.6643
xy,8,21,0.6143
xy,8,22,0.5666
xy,8,23,0.4908
xy,8,24,0.4101
xy,8,25,0.3631
xy,8,26,0.3406
xy,8,27,0.3144
xy,8,28,0.2974
xy,8,29,0.2825
xy,8,30,0.2559
xy,8,31,0.2405
xy,8,32,0.2249
xy,8,33,0.2060
xy,8,34,0.1896
xy,8,35,0.2335
xy,8,36,0.2601
xy,8,37,0.2425
xy,8,38,0.1962
xy,9,0,0.1633
xy,9,1,0.1810
xy,9,2,0.1989
xy,9,3,0.1744
xy,9,4,0.1627
xy,9,5,0.2053
xy,9,6,0.2173
xy,9,7,0.1822
xy,9,8,0.1818
xy,9,9,0.2329
xy,9,10,0.3086
xy,9,11,0.3867
xy,9,12,0.4161
xy,9,13,0.3983
xy,9,14,0.3820
xy,9,15,0.4446
xy,9,16,0.5855
xy,9,17,0.7344
xy,9,18,0.8641
xy,9,19,0.9062
xy,9,20,0.8450
xy,9,21,0.7458
xy,9,22,0.6535
xy,9,23,0.5486
xy,9,24,0.4447
xy,9,25,0.3781
xy,9,26,0.3530
xy,9,27,0.3375
xy,9,28,0.3334
xy,9,29,0.3136
xy,9,30,0.2548
xy,9,31,0.2824
xy,9,32,0.2453
xy,9,33,0.1808
xy,9,34,0.1843
xy,9,35,0.2070
xy,9,36,0.2076
xy,9,37,0.1818
xy,9,38,0.1720
xy,10,0,0.1816
xy,10,1,0.2353
xy,10,2,0.2276
xy,10,3,0.1728
xy,10,4,0.1526
xy,10,5,0.2122
xy,10,6,0.2451
xy,10,7,0.2357
xy,10,8,0.2007
xy,10,9,0.2357
xy,10,10,0.3032
xy,10,11,0.3820
xy,10,12,0.4278
xy,10,13,0.4698
xy,10,14,0.4631
xy,10,15,0.4947
xy,10,16,0.6332
xy,10,17,0.7974
xy,10,18,0.9389
xy,10,19,1.0000
xy,10,20,0.9330
xy,10,21,0.8194
xy,10,22,0.7056
xy,10,23,0.5798
xy,10,24,0.4758
xy,10,25,0.3959
xy,10,26,0.3593
xy,10,27,0.3636
xy,10,28,0.3562
xy,10,29,0.3287
xy,10,30,0.2697
xy,10,31,0.2808
xy,10,32,0.2382
xy,10,33,0.1778
xy,10,34,0.1861
xy,10,35,0.1818
xy,10,36,0.1694
xy,10,37,0.1474
xy,10,38,0.1498
xy,11,0,0.2139
xy,11,1,0.2445
xy,11,2,0.2116
xy,11,3,0.1534
xy,11,4,0.1616
xy,11,5,0.2061
xy,11,6,0.2663
xy,11,7,0.2626
xy,11,8,0.2452
xy,11,9,0.2467
xy,11,10,0.2885
xy,11,11,0.3738
xy,11,12,0.4356
xy,11,13,0.5149
xy,11,14,0.5406
xy,11,15,0.5596
xy,11,16,0.6392
xy,11,17,0.7365
xy,11,18,0.8642
xy,11,19,0.9295
xy,11,20,0.8970
xy,11,21,0.8521
xy,11,22,0.7628
xy,11,23,0.6301
xy,11,24,0.5067
xy,11,25,0.3873
xy,11,26,0.3338
xy,11,27,0.3470
xy,11,28,0.3631
xy,11,29,0.3562
xy,11,30,0.2987
xy,11,31,0.2376
xy,11,32,0.2132
xy,11,33,0.1773
xy,11,34,0.1954
xy,11,35,0.1949
xy,11,36,0.1891
xy,11,37,0.1479
xy,11,38,0.1290
xy,12,0,0.2176
xy,12,1,0.2018
xy,12,2,0.1914
xy,12,3,0.1531
xy,12,4,0.1365
xy,12,5,0.1951
xy,12,6,0.2501
xy,12,7,0.2728
xy,12,8,0.2743
xy,12,9,0.2779
xy,12,10,0.2772
xy,12,11,0.3641
xy,12,12,0.4444
xy,12,13,0.5034
xy,12,14,0.5406
xy,12,15,0.5785
xy,12,16,0.6403
xy,12,17,0.7361
xy,12,18,0.8122
xy,12,19,0.8673
xy,12,20,0.9093
xy,12,21,0.8766
xy,12,22,0.7909
xy,12,23,0.6499
xy,12,24,0.4949
xy,12,25,0.3796
xy,12,26,0.2910
xy,12,27,0.3135
xy,12,28,0.3416
xy,12,29,0.3265
xy,12,30,0.2600
xy,12,31,0.2351
xy,12,32,0.2142
xy,12,33,0.1927
xy,12,34,0.1797
xy,12,35,0.2000
xy,12,36,0.2169
xy,12,37,0.1554
xy,12,38,0.1008
xy,13,0,0.1848
xy,13,1,0.2235
xy,13,2,0.2075
xy,13,3,0.1716
xy,13,4,0.1704
xy,13,5,0.2139
xy,13,6,0.2406
xy,13,7,0.2717
xy,13,8,0.3017
xy,13,9,0.2726
xy,13,10,0.2510
xy,13,11,0.3385
xy,13,12,0.4227
xy,13,13,0.4595
xy,13,14,0.4665
xy,13,15,0.5622
xy,13,16,0.6809
xy,13,17,0.7431
xy,13,18,0.7769
xy,13,19,0.8488
xy,13,20,0.9061
xy,13,21,0.8655
xy,13,22,0.7814
xy,13,23,0.6480
xy,13,24,0.5211
xy,13,25,0.3954
xy,13,26,0.2899
xy,13,27,0.2782
xy,13,28,0.2991
xy,13,29,0.2947
xy,13,30,0.2532
xy,13,31,0.2090
xy,13,32,0.1937
xy,13,33,0.1774
xy,13,34,0.1510
xy,13,35,0.2037
xy,13,36,0.2187
xy,13,37,0.1559
xy,13,38,0.0860
xy,14,0,0.1928
xy,14,1,0.2221
xy,14,2,0.1887
xy,14,3,0.1571
xy,14,4,0.1698
xy,14,5,0.2233
xy,14,6,0.2421
xy,14,7,0.2602
xy,14,8,0.2837
xy,14,9,0.2576
xy,14,10,0.2334
xy,14,11,0.3302
xy,14,12,0.3955
xy,14,13,0.4166
xy,14,14,0.4558
xy,14,15,0.5688
xy,14,16,0.6920
xy,14,17,0.7481
xy,14,18,0.7780
xy,14,19,0.8318
xy,14,20,0.8714
xy,14,21,0.8545
xy,14,22,0.8119
xy,14,23,0.6988
xy,14,24,0.5801
xy,14,25,0.4455
xy,14,26,0.3366
xy,14,27,0.2913
xy,14,28,0.2850
xy,14,29,0.2945
xy,14,30,0.2881
xy,14,31,0.2531
xy,14,32,0.2182
xy,14,33,0.1862
xy,14,34,0.1540
xy,14,35,0.1898
xy,14,36,0.2162
xy,14,37,0.1545
xy,14,38,0.1129
xy,15,0,0.1623
xy,15,1,0.1822
xy,15,2,0.1604
xy,15,3,0.1287
xy,15,4,0.1475
xy,15,5,0.1835
xy,15,6,0.2098
xy,15,7,0.2363
xy,15,8,0.2652
xy,15,9,0.2584
xy,15,10,0.2561
xy,15,11,0.3543
xy,15,12,0.3954
xy,15,13,0.4384
xy,15,14,0.5088
xy,15,15,0.5959
xy,15,16,0.7021
xy,15,17,0.7601
xy,15,18,0.7905
xy,15,19,0.8288
xy,15,20,0.8583
xy,15,21,0.8540
xy,15,22,0.8385
xy,15,23,0.7507
xy,15,24,0.6218
xy,15,25,0.4886
xy,15,26,0.3872
xy,15,27,0.3329
xy,15,28,0.3223
xy,15,29,0.3360
xy,15,30,0.3362
xy,15,31,0.3392
xy,15,32,0.3234
xy,15,33,0.2966
xy,15,34,0.2359
xy,15,35,0.2108
xy,15,36,0.2080
xy,15,37,0.1619
xy,15,38,0.1091
xy,16,0,0.1463
xy,16,1,0.1539
xy,16,2,0.1564
xy,16,3,0.1260
xy,16,4,0.1182
xy,16,5,0.1515
xy,16,6,0.2071
xy,16,7,0.2368
xy,16,8,0.2488
xy,16,9,0.2370
xy,16,10,0.2533
xy,16,11,0.3553
xy,16,12,0.4228
xy,16,13,0.4617
xy,16,14,0.5304
xy,16,15,0.6259
xy,16,16,0.7145
xy,16,17,0.7629
xy,16,18,0.7981
xy,16,19,0.8305
xy,16,20,0.8485
xy,16,21,0.8383
xy,16,22,0.8197
xy,16,23,0.7324
xy,16,24,0.6220
xy,16,25,0.5371
xy,16,26,0.4469
xy,16,27,0.3915
xy,16,28,0.3714
xy,16,29,0.3511
xy,16,30,0.3964
xy,16,31,0.4288
xy,16,32,0.4112
xy,16,33,0.3646
xy,16,34,0.2798
xy,16,35,0.2280
xy,16,36,0.2014
xy,16,37,0.1593
xy,16,38,0.1276
xy,17,0,0.1062
xy,17,1,0.1292
xy,17,2,0.1599
xy,17,3,0.1438
xy,17,4,0.1189
xy,17,5,0.1432
xy,17,6,0.2108
xy,17,7,0.2521
xy,17,8,0.2377
xy,17,9,0.2055
xy,17,10,0.2343
xy,17,11,0.3279
xy,17,12,0.4144
xy,17,13,0.4760
xy,17,14,0.5205
xy,17,15,0.6230
xy,17,16,0.7258
xy,17,17,0.7685
xy,17,18,0.7671
xy,17,19,0.7545
xy,17,20,0.7696
xy,17,21,0.7704
xy,17,22,0.7398
xy,17,23,0.6512
xy,17,24,0.5803
xy,17,25,0.5396
xy,17,26,0.4887
xy,17,27,0.4223
xy,17,28,0.3707
xy,17,29,0.3668
xy,17,30,0.4184
xy,17,31,0.4406
xy,17,32,0.4127
xy,17,33,0.3564
xy,17,34,0.2802
xy,17,35,0.2127
xy,17,36,0.1757
xy,17,37,0.1680
xy,17,38,0.1627
xy,18,0,0.0932
xy,18,1,0.1265
xy,18,2,0.1614
xy,18,3,0.1594
xy,18,4,0.1630
xy,18,5,0.2044
xy,18,6,0.2360
xy,18,7,0.2524
xy,18,8,0.2198
xy,18,9,0.2305
xy,18,10,0.2714
xy,18,11,0.3258
xy,18,12,0.3902
xy,18,13,0.4438
xy,18,14,0.5082
xy,18,15,0.6091
xy,18,16,0.7192
xy,18,17,0.7347
xy,18,18,0.6931
xy,18,19,0.6539
xy,18,20,0.6393
xy,18,21,0.6496
xy,18,22,0.6468
xy,18,23,0.5885
xy,18,24,0.5548
xy,18,25,0.5511
xy,18,26,0.4909
xy,18,27,0.4045
xy,18,28,0.3761
xy,18,29,0.3646
xy,18,30,0.3852
xy,18,31,0.3879
xy,18,32,0.3505
xy,18,33,0.3256
xy,18,34,0.2725
xy,18,35,0.2036
xy,18,36,0.1570
xy,18,37,0.1932
xy,18,38,0.2105
xy,19,0,0.1200
xy,19,1,0.1352
xy,19,2,0.1630
xy,19,3,0.1637
xy,19,4,0.2129
xy,19,5,0.2674
xy,19,6,0.2779
xy,19,7,0.2352
xy,19,8,0.2180
xy,19,9,0.2466
xy,19,10,0.2746
xy,19,11,0.2986
xy,19,12,0.3551
xy,19,13,0.4523
xy,19,14,0.5228
xy,19,15,0.5944
xy,19,16,0.6864
xy,19,17,0.7177
xy,19,18,0.6671
xy,19,19,0.5971
xy,19,20,0.5902
xy,19,21,0.6091
xy,19,22,0.6155
xy,19,23,0.5716
xy,19,24,0.5468
xy,19,25,0.5339
xy,19,26,0.5109
xy,19,27,0.4300
xy,19,28,0.3835
xy,19,29,0.3459
xy,19,30,0.3217
xy,19,31,0.3220
xy,19,32,0.3153
xy,19,33,0.3071
xy,19,34,0.2716
xy,19,35,0.1835
xy,19,36,0.1776
xy,19,37,0.2076
xy,19,38,0.2105
xy,20,0,0.1377
xy,20,1,0.1276
xy,20,2,0.1659
xy,20,3,0.1824
xy,20,4,0.2208
xy,20,5,0.2811
xy,20,6,0.2822
xy,20,7,0.2415
xy,20,8,0.2436
xy,20,9,0.2496
xy,20,10,0.2663
xy,20,11,0.3007
xy,20,12,0.3675
xy,20,13,0.4624
xy,20,14,0.5203
xy,20,15,0.5588
xy,20,16,0.6282
xy,20,17,0.6745
xy,20,18,0.6648
xy,20,19,0.6402
xy,20,20,0.6278
xy,20,21,0.6346
xy,20,22,0.6149
xy,20,23,0.5605
xy,20,24,0.5218
xy,20,25,0.5383
xy,20,26,0.5467
xy,20,27,0.4612
xy,20,28,0.3843
xy,20,29,0.3206
xy,20,30,0.2754
xy,20,31,0.2782
xy,20,32,0.2845
xy,20,33,0.2821
xy,20,34,0.2527
xy,20,35,0.1892
xy,20,36,0.1667
xy,20,37,0.1712
xy,20,38,0.1502
xy,21,0,0.1419
xy,21,1,0.1303
xy,21,2,0.1657
xy,21,3,0.1780
xy,21,4,0.2099
xy,21,5,0.2413
xy,21,6,0.2304
xy,21,7,0.2493
xy,21,8,0.2579
xy,21,9,0.2514
xy,21,10,0.2651
xy,21,11,0.2931
xy,21,12,0.3605
xy,21,13,0.4683
xy,21,14,0.5069
xy,21,15,0.5132
xy,21,16,0.5860
xy,21,17,0.6623
xy,21,18,0.7009
xy,21,19,0.7100
xy,21,20,0.6943
xy,21,21,0.6656
xy,21,22,0.6105
xy,21,23,0.5233
xy,21,24,0.4972
xy,21,25,0.5419
xy,21,26,0.5553
xy,21,27,0.4742
xy,21,28,0.3846
xy,21,29,0.3126
xy,21,30,0.2923
xy,21,31,0.2866
xy,21,32,0.2888
xy,21,33,0.2853
xy,21,34,0.2670
xy,21,35,0.2025
xy,21,36,0.1819
xy,21,37,0.1601
xy,21,38,0.1254
xy,22,0,0.1238
xy,22,1,0.1518
xy,22,2,0.1626
xy,22,3,0.1531
xy,22,4,0.1761
xy,22,5,0.2058
xy,22,6,0.1986
xy,22,7,0.2123
xy,22,8,0.2209
xy,22,9,0.2103
xy,22,10,0.2173
xy,22,11,0.2552
xy,22,12,0.3545
xy,22,13,0.4401
xy,22,14,0.4725
xy,22,15,0.4787
xy,22,16,0.5654
xy,22,17,0.6714
xy,22,18,0.7286
xy,22,19,0.7470
xy,22,20,0.7321
xy,22,21,0.6795
xy,22,22,0.5974
xy,22,23,0.5197
xy,22,24,0.5267
xy,22,25,0.5383
xy,22,26,0.5431
xy,22,27,0.4830
xy,22,28,0.3880
xy,22,29,0.3476
xy,22,30,0.3206
xy,22,31,0.3185
xy,22,32,0.3133
xy,22,33,0.3147
xy,22,34,0.2761
xy,22,35,0.2151
xy,22,36,0.2191
xy,22,37,0.1999
xy,22,38,0.1377
xy,23,0,0.1138
xy,23,1,0.1342
xy,23,2,0.1587
xy,23,3,0.1359
xy,23,4,0.1173
xy,23,5,0.1408
xy,23,6,0.1645
xy,23,7,0.1732
xy,23,8,0.1875
xy,23,9,0.2028
xy,23,10,0.2323
xy,23,11,0.2636
xy,23,12,0.3383
xy,23,13,0.4372
xy,23,14,0.4956
xy,23,15,0.5218
xy,23,16,0.5816
xy,23,17,0.6867
xy,23,18,0.7409
xy,23,19,0.7618
xy,23,20,0.7631
xy,23,21,0.7054
xy,23,22,0.6074
xy,23,23,0.5184
xy,23,24,0.4839
xy,23,25,0.5236
xy,23,26,0.5277
xy,23,27,0.4804
xy,23,28,0.4108
xy,23,29,0.3721
xy,23,30,0.3409
xy,23,31,0.3349
xy,23,32,0.3190
xy,23,33,0.3134
xy,23,34,0.2575
xy,23,35,0.2253
xy,23,36,0.2405
xy,23,37,0.2324
xy,23,38,0.1795
xy,24,0,0.1253
xy,24,1,0.1281
xy,24,2,0.1235
xy,24,3,0.0982
xy,24,4,0.0839
xy,24,5,0.1049
xy,24,6,0.1428
xy,24,7,0.1650
xy,24,8,0.2055
xy,24,9,0.2486
xy,24,10,0.2801
xy,24,11,0.3010
xy,24,12,0.3393
xy,24,13,0.4371
xy,24,14,0.5281
xy,24,15,0.5870
xy,24,16,0.6299
xy,24,17,0.6894
xy,24,18,0.7386
xy,24,19,0.7696
xy,24,20,0.7846
xy,24,21,0.7341
xy,24,22,0.6579
xy,24,23,0.5089
xy,24,24,0.4290
xy,24,25,0.4540
xy,24,26,0.4644
xy,24,27,0.4321
xy,24,28,0.4026
xy,24,29,0.3897
xy,24,30,0.3658
xy,24,31,0.3623
xy,24,32,0.3611
xy,24,33,0.2975
xy,24,34,0.2647
xy,24,35,0.2484
xy,24,36,0.2632
xy,24,37,0.2666
xy,24,38,0.2179
xy,25,0,0.1035
xy,25,1,0.1190
xy,25,2,0.1119
xy,25,3,0.0796
xy,25,4,0.0801
xy,25,5,0.1198
xy,25,6,0.1385
xy,25,7,0.1834
xy,25,8,0.2426
xy,25,9,0.2886
xy,25,10,0.3174
xy,25,11,0.3178
xy,25,12,0.3678
xy,25,13,0.4587
xy,25,14,0.5571
xy,25,15,0.6175
xy,25,16,0.6438
xy,25,17,0.6666
xy,25,18,0.7136
xy,25,19,0.7557
xy,25,20,0.8050
xy,25,21,0.7785
xy,25,22,0.6967
xy,25,23,0.5715
xy,25,24,0.4533
xy,25,25,0.3840
xy,25,26,0.3714
xy,25,27,0.3194
xy,25,28,0.3373
xy,25,29,0.3668
xy,25,30,0.3770
xy,25,31,0.3844
xy,25,32,0.3802
xy,25,33,0.2931
xy,25,34,0.2802
xy,25,35,0.2753
xy,25,36,0.2750
xy,25,37,0.2804
xy,25,38,0.2566
xy,26,0,0.1430
xy,26,1,0.1025
xy,26,2,0.1001
xy,26,3,0.0854
xy,26,4,0.0893
xy,26,5,0.1493
xy,26,6,0.1933
xy,26,7,0.2310
xy,26,8,0.2834
xy,26,9,0.3320
xy,26,10,0.3387
xy,26,11,0.3225
xy,26,12,0.3527
xy,26,13,0.4263
xy,26,14,0.5230
xy,26,15,0.5848
xy,26,16,0.6283
xy,26,17,0.6693
xy,26,18,0.6783
xy,26,19,0.7096
xy,26,20,0.7425
xy,26,21,0.7550
xy,26,22,0.7130
xy,26,23,0.6304
xy,26,24,0.5233
xy,26,25,0.3701
xy,26,26,0.2543
xy,26,27,0.2278
xy,26,28,0.2686
xy,26,29,0.3023
xy,26,30,0.3354
xy,26,31,0.3399
xy,26,32,0.3319
xy,26,33,0.2915
xy,26,34,0.2774
xy,26,35,0.2589
xy,26,36,0.2500
xy,26,37,0.2481
xy,26,38,0.2296
xy,27,0,0.1715
xy,27,1,0.1318
xy,27,2,0.1190
xy,27,3,0.1201
xy,27,4,0.1549
xy,27,5,0.2072
xy,27,6,0.2455
xy,27,7,0.2740
xy,27,8,0.2884
xy,27,9,0.3479
xy,27,10,0.3537
xy,27,11,0.3342
xy,27,12,0.3144
xy,27,13,0.3688
xy,27,14,0.4403
xy,27,15,0.5387
xy,27,16,0.6236
xy,27,17,0.7044
xy,27,18,0.7168
xy,27,19,0.6981
xy,27,20,0.6765
xy,27,21,0.6686
xy,27,22,0.6674
xy,27,23,0.6239
xy,27,24,0.5486
xy,27,25,0.3990
xy,27,26,0.2390
xy,27,27,0.1886
xy,27,28,0.2203
xy,27,29,0.2443
xy,27,30,0.2363
xy,27,31,0.2584
xy,27,32,0.2678
xy,27,33,0.2925
xy,27,34,0.2742
xy,27,35,0.2285
xy,27,36,0.2334
xy,27,37,0.2352
xy,27,38,0.2351
xy,28,0,0.1671
xy,28,1,0.1321
xy,28,2,0.1494
xy,28,3,0.1544
xy,28,4,0.1916
xy,28,5,0.2475
xy,28,6,0.2736
xy,28,7,0.2692
xy,28,8,0.2789
xy,28,9,0.3290
xy,28,10,0.3511
xy,28,11,0.3307
xy,28,12,0.3013
xy,28,13,0.3269
xy,28,14,0.3822
xy,28,15,0.4814
xy,28,16,0.6013
xy,28,17,0.6979
xy,28,18,0.7364
xy,28,19,0.7279
xy,28,20,0.6916
xy,28,21,0.6510
xy,28,22,0.6110
xy,28,23,0.5475
xy,28,24,0.4688
xy,28,25,0.3699
xy,28,26,0.2820
xy,28,27,0.2129
xy,28,28,0.2129
xy,28,29,0.1882
xy,28,30,0.1763
xy,28,31,0.2029
xy,28,32,0.2308
xy,28,33,0.2627
xy,28,34,0.2723
xy,28,35,0.2408
xy,28,36,0.2397
xy,28,37,0.2448
xy,28,38,0.2411
xy,29,0,0.1329
xy,29,1,0.1368
xy,29,2,0.1556
xy,29,3,0.1690
xy,29,4,0.1985
xy,29,5,0.2485
xy,29,6,0.2916
xy,29,7,0.2651
xy,29,8,0.2416
xy,29,9,0.2690
xy,29,10,0.2933
xy,29,11,0.3179
xy,29,12,0.3234
xy,29,13,0.3201
xy,29,14,0.3716
xy,29,15,0.4478
xy,29,16,0.5181
xy,29,17,0.6008
xy,29,18,0.6609
xy,29,19,0.7050
xy,29,20,0.7136
xy,29,21,0.6480
xy,29,22,0.5603
xy,29,23,0.4532
xy,29,24,0.4150
xy,29,25,0.3752
xy,29,26,0.3220
xy,29,27,0.2808
xy,29,28,0.2204
xy,29,29,0.1772
xy,29,30,0.1666
xy,29,31,0.1728
xy,29,32,0.1946
xy,29,33,0.2253
xy,29,34,0.2380
xy,29,35,0.2386
xy,29,36,0.2379
xy,29,37,0.2424
xy,29,38,0.2599
xy,30,0,0.1471
xy,30,1,0.1743
xy,30,2,0.2012
xy,30,3,0.1905
xy,30,4,0.2000
xy,30,5,0.2469
xy,30,6,0.2683
xy,30,7,0.2353
xy,30,8,0.2145
xy,30,9,0.2202
xy,30,10,0.2832
xy,30,11,0.3391
xy,30,12,0.3668
xy,30,13,0.3783
xy,30,14,0.3927
xy,30,15,0.4005
xy,30,16,0.4082
xy,30,17,0.4680
xy,30,18,0.5276
xy,30,19,0.5603
xy,30,20,0.5995
xy,30,21,0.5515
xy,30,22,0.4987
xy,30,23,0.4444
xy,30,24,0.4067
xy,30,25,0.3770
xy,30,26,0.3546
xy,30,27,0.3185
xy,30,28,0.2384
xy,30,29,0.2171
xy,30,30,0.1858
xy,30,31,0.1744
xy,30,32,0.1812
xy,30,33,0.1929
xy,30,34,0.1857
xy,30,35,0.2134
xy,30,36,0.2067
xy,30,37,0.2263
xy,30,38,0.2427
xy,31,0,0.2031
xy,31,1,0.2417
xy,31,2,0.2524
xy,31,3,0.2157
xy,31,4,0.2063
xy,31,5,0.2730
xy,31,6,0.2914
xy,31,7,0.2504
xy,31,8,0.2265
xy,31,9,0.2169
xy,31,10,0.2608
xy,31,11,0.3148
xy,31,12,0.3484
xy,31,13,0.3602
xy,31,14,0.3627
xy,31,15,0.3997
xy,31,16,0.4157
xy,31,17,0.4120
xy,31,18,0.4418
xy,31,19,0.4937
xy,31,20,0.5138
xy,31,21,0.5486
xy,31,22,0.5225
xy,31,23,0.4527
xy,31,24,0.3967
xy,31,25,0.3670
xy,31,26,0.3592
xy,31,27,0.3414
xy,31,28,0.2503
xy,31,29,0.2026
xy,31,30,0.1904
xy,31,31,0.1853
xy,31,32,0.1771
xy,31,33,0.1519
xy,31,34,0.1343
xy,31,35,0.1594
xy,31,36,0.1894
xy,31,37,0.2385
xy,31,38,0.2587
xy,32,0,0.2449
xy,32,1,0.2734
xy,32,2,0.2469
xy,32,3,0.2116
xy,32,4,0.2225
xy,32,5,0.2699
xy,32,6,0.2744
xy,32,7,0.2462
xy,32,8,0.2252
xy,32,9,0.2072
xy,32,10,0.1970
xy,32,11,0.2645
xy,32,12,0.3352
xy,32,13,0.3352
xy,32,14,0.3548
xy,32,15,0.3871
xy,32,16,0.3921
xy,32,17,0.3641
xy,32,18,0.3557
xy,32,19,0.4014
xy,32,20,0.4489
xy,32,21,0.4898
xy,32,22,0.4742
xy,32,23,0.4199
xy,32,24,0.3720
xy,32,25,0.3483
xy,32,26,0.3493
xy,32,27,0.3415
xy,32,28,0.2602
xy,32,29,0.1745
xy,32,30,0.1639
xy,32,31,0.1687
xy,32,32,0.1556
xy,32,33,0.1570
xy,32,34,0.1304
xy,32,35,0.1332
xy,32,36,0.1551
xy,32,37,0.2152
xy,32,38,0.2360
xy,33,0,0.2483
xy,33,1,0.2672
xy,33,2,0.2388
xy,33,3,0.2119
xy,33,4,0.2246
xy,33,5,0.2274
xy,33,6,0.2069
xy,33,7,0.1881
xy,33,8,0.1884
xy,33,9,0.1800
xy,33,10,0.1602
xy,33,11,0.2302
xy,33,12,0.2930
xy,33,13,0.2878
xy,33,14,0.3165
xy,33,15,0.3399
xy,33,16,0.3422
xy,33,17,0.3118
xy,33,18,0.3099
xy,33,19,0.3454
xy,33,20,0.3885
xy,33,21,0.4367
xy,33,22,0.4373
xy,33,23,0.3876
xy,33,24,0.3327
xy,33,25,0.3037
xy,33,26,0.3018
xy,33,27,0.2872
xy,33,28,0.2089
xy,33,29,0.1430
xy,33,30,0.1451
xy,33,31,0.1420
xy,33,32,0.1293
xy,33,33,0.1333
xy,33,34,0.1110
xy,33,35,0.1214
xy,33,36,0.1375
xy,33,37,0.1777
xy,33,38,0.1819
xy,34,0,0.1999
xy,34,1,0.2142
xy,34,2,0.1997
xy,34,3,0.2012
xy,34,4,0.2119
xy,34,5,0.1967
xy,34,6,0.1579
xy,34,7,0.1139
xy,34,8,0.1332
xy,34,9,0.1421
xy,34,10,0.1405
xy,34,11,0.2161
xy,34,12,0.2605
xy,34,13,0.2408
xy,34,14,0.2594
xy,34,15,0.2575
xy,34,16,0.2519
xy,34,17,0.2331
xy,34,18,0.2614
xy,34,19,0.3257
xy,34,20,0.3582
xy,34,21,0.4036
xy,34,22,0.4180
xy,34,23,0.3747
xy,34,24,0.3365
xy,34,25,0.3009
xy,34,26,0.2693
xy,34,27,0.2413
xy,34,28,0.1743
xy,34,29,0.1465
xy,34,30,0.1339
xy,34,31,0.1334
xy,34,32,0.1272
xy,34,33,0.1132
xy,34,34,0.0768
xy,34,35,0.0969
xy,34,36,0.1198
xy,34,37,0.1889
xy,34,38,0.1894
xy,35,0,0.1601
xy,35,1,0.1782
xy,35,2,0.1946
xy,35,3,0.1739
xy,35,4,0.1889
xy,35,5,0.1730
xy,35,6,0.1433
xy,35,7,0.1100
xy,35,8,0.1161
xy,35,9,0.1279
xy,35,10,0.1613
xy,35,11,0.2030
xy,35,12,0.2442
xy,35,13,0.2207
xy,35,14,0.2396
xy,35,15,0.2369
xy,35,16,0.2209
xy,35,17,0.2142
xy,35,18,0.2640
xy,35,19,0.3077
xy,35,20,0.3297
xy,35,21,0.3457
xy,35,22,0.3622
xy,35,23,0.3315
xy,35,24,0.3176
xy,35,25,0.2871
xy,35,26,0.2629
xy,35,27,0.2154
xy,35,28,0.1876
xy,35,29,0.1551
xy,35,30,0.1558
xy,35,31,0.1598
xy,35,32,0.1373
xy,35,33,0.0977
xy,35,34,0.0896
xy,35,35,0.0837
xy,35,36,0.1084
xy,35,37,0.1649
xy,35,38,0.1537
xy,36,0,0.1697
xy,36,1,0.1763
xy,36,2,0.2005
xy,36,3,0.1588
xy,36,4,0.1392
xy,36,5,0.1328
xy,36,6,0.1103
xy,36,7,0.1310
xy,36,8,0.1596
xy,36,9,0.1539
xy,36,10,0.1647
xy,36,11,0.1941
xy,36,12,0.2107
xy,36,13,0.1875
xy,36,14,0.2123
xy,36,15,0.2340
xy,36,16,0.2266
xy,36,17,0.2061
xy,36,18,0.2497
xy,36,19,0.2719
xy,36,20,0.2915
xy,36,21,0.3193
xy,36,22,0.3289
xy,36,23,0.3310
xy,36,24,0.3222
xy,36,25,0.2850
xy,36,26,0.2534
xy,36,27,0.1990
xy,36,28,0.1654
xy,36,29,0.1345
xy,36,30,0.1734
xy,36,31,0.1683
xy,36,32,0.1243
xy,36,33,0.0928
xy,36,34,0.0800
xy,36,35,0.0911
xy,36,36,0.1124
xy,36,37,0.1626
xy,36,38,0.1301
xy,37,0,0.1550
xy,37,1,0.1389
xy,37,2,0.1904
xy,37,3,0.1891
xy,37,4,0.1476
xy,37,5,0.1413
xy,37,6,0.1353
xy,37,7,0.1403
xy,37,8,0.1675
xy,37,9,0.1743
xy,37,10,0.1690
xy,37,11,0.1990
xy,37,12,0.1803
xy,37,13,0.1693
xy,37,14,0.1938
xy,37,15,0.2334
xy,37,16,0.2245
xy,37,17,0.1982
xy,37,18,0.1972
xy,37,19,0.2270
xy,37,20,0.2843
xy,37,21,0.3482
xy,37,22,0.3592
xy,37,23,0.3436
xy,37,24,0.3321
xy,37,25,0.3028
xy,37,26,0.2776
xy,37,27,0.2096
xy,37,28,0.1342
xy,37,29,0.1029
xy,37,30,0.1345
xy,37,31,0.1421
xy,37,32,0.1116
xy,37,33,0.1170
xy,37,34,0.1144
xy,37,35,0.1093
xy,37,36,0.1424
xy,37,37,0.1525
xy,37,38,0.1322
xy,38,0,0.1400
xy,38,1,0.1370
xy,38,2,0.1824
xy,38,3,0.2172
xy,38,4,0.1979
xy,38,5,0.1752
xy,38,6,0.1447
xy,38,7,0.1270
xy,38,8,0.1635
xy,38,9,0.1875
xy,38,10,0.1832
xy,38,11,0.1809
xy,38,12,0.1807
xy,38,13,0.1921
xy,38,14,0.1598
xy,38,15,0.1957
xy,38,16,0.2028
xy,38,17,0.1667
xy,38,18,0.1855
xy,38,19,0.2251
xy,38,20,0.2778
xy,38,21,0.3602
xy,38,22,0.3779
xy,38,23,0.3664
xy,38,24,0.3470
xy,38,25,0.3018
xy,38,26,0.2963
xy,38,27,0.2422
xy,38,28,0.1579
xy,38,29,0.1212
xy,38,30,0.1011
xy,38,31,0.1011
xy,38,32,0.0966
xy,38,33,0.1231
xy,38,34,0.1265
xy,38,35,0.1177
xy,38,36,0.1305
xy,38,37,0.1190
xy,38,38,0.1025
xz,0,0,0.2582
xz,0,1,0.2276
xz,0,2,0.1897
xz,0,3,0.2122
xz,0,4,0.2784
xz,0,5,0.2701
xz,0,6,0.2338
xz,0,7,0.2617
xz,0,8,0.3139
xz,0,9,0.2992
xz,0,10,0.2438
xz,0,11,0.2515
xz,0,12,0.2881
xz,0,13,0.2843
xz,0,14,0.2485
xz,0,15,0.2315
xz,0,16,0.2751
xz,0,17,0.3194
xz,0,18,0.2972
xz,0,19,0.2614
xz,0,20,0.2831
xz,0,21,0.3316
xz,0,22,0.3181
xz,0,23,0.2612
xz,0,24,0.2462
xz,0,25,0.2886
xz,0,26,0.3222
xz,0,27,0.2987
xz,0,28,0.2622
xz,0,29,0.2901
xz,0,30,0.3388
xz,0,31,0.3088
xz,0,32,0.2604
xz,0,33,0.2697
xz,0,34,0.3030
xz,0,35,0.2650
xz,0,36,0.2251
xz,0,37,0.2357
xz,0,38,0.2949
xz,1,0,0.2859
xz,1,1,0.2560
xz,1,2,0.2131
xz,1,3,0.2500
xz,1,4,0.3112
xz,1,5,0.3075
xz,1,6,0.2765
xz,1,7,0.3029
xz,1,8,0.3505
xz,1,9,0.3426
xz,1,10,0.3011
xz,1,11,0.3028
xz,1,12,0.3256
xz,1,13,0.3238
xz,1,14,0.2937
xz,1,15,0.2599
xz,1,16,0.2707
xz,1,17,0.3122
xz,1,18,0.3077
xz,1,19,0.2722
xz,1,20,0.2944
xz,1,21,0.3325
xz,1,22,0.3163
xz,1,23,0.2828
xz,1,24,0.2947
xz,1,25,0.3309
xz,1,26,0.3498
xz,1,27,0.3311
xz,1,28,0.3049
xz,1,29,0.3301
xz,1,30,0.3673
xz,1,31,0.3371
xz,1,32,0.2906
xz,1,33,0.2992
xz,1,34,0.3319
xz,1,35,0.2977
xz,1,36,0.2410
xz,1,37,0.2606
xz,1,38,0.3157
xz,2,0,0.3144
xz,2,1,0.3083
xz,2,2,0.2709
xz,2,3,0.2984
xz,2,4,0.3539
xz,2,5,0.3623
xz,2,6,0.3326
xz,2,7,0.3375
xz,2,8,0.3920
xz,2,9,0.3905
xz,2,10,0.3451
xz,2,11,0.3429
xz,2,12,0.3814
xz,2,13,0.3920
xz,2,14,0.3411
xz,2,15,0.2896
xz,2,16,0.3123
xz,2,17,0.3634
xz,2,18,0.3578
xz,2,19,0.3181
xz,2,20,0.3402
xz,2,21,0.3770
xz,2,22,0.3534
xz,2,23,0.3036
xz,2,24,0.3229
xz,2,25,0.3847
xz,2,26,0.4033
xz,2,27,0.3647
xz,2,28,0.3386
xz,2,29,0.3825
xz,2,30,0.4167
xz,2,31,0.3724
xz,2,32,0.3307
xz,2,33,0.3625
xz,2,34,0.3860
xz,2,35,0.3549
xz,2,36,0.3040
xz,2,37,0.3238
xz,2,38,0.3489
xz,3,0,0.3065
xz,3,1,0.2895
xz,3,2,0.2617
xz,3,3,0.3054
xz,3,4,0.3559
xz,3,5,0.3551
xz,3,6,0.3098
xz,3,7,0.3291
xz,3,8,0.3903
xz,3,9,0.3838
xz,3,10,0.3309
xz,3,11,0.3515
xz,3,12,0.3905
xz,3,13,0.4090
xz,3,14,0.3621
xz,3,15,0.3259
xz,3,16,0.3557
xz,3,17,0.3992
xz,3,18,0.3937
xz,3,19,0.3537
xz,3,20,0.3754
xz,3,21,0.4056
xz,3,22,0.3816
xz,3,23,0.3427
xz,3,24,0.3379
xz,3,25,0.3978
xz,3,26,0.4203
xz,3,27,0.3925
xz,3,28,0.3384
xz,3,29,0.3755
xz,3,30,0.4276
xz,3,31,0.3901
xz,3,32,0.3286
xz,3,33,0.3658
xz,3,34,0.4023
xz,3,35,0.3750
xz,3,36,0.3279
xz,3,37,0.3284
xz,3,38,0.3424
xz,4,0,0.2901
xz,4,1,0.2717
xz,4,2,0.2749
xz,4,3,0.2932
xz,4,4,0.3236
xz,4,5,0.3106
xz,4,6,0.2868
xz,4,7,0.3302
xz,4,8,0.3648
xz,4,9,0.3524
xz,4,10,0.3373
xz,4,11,0.3552
xz,4,12,0.3595
xz,4,13,0.3693
xz,4,14,0.3548
xz,4,15,0.3291
xz,4,16,0.3252
xz,4,17,0.3624
xz,4,18,0.3873
xz,4,19,0.3809
xz,4,20,0.3823
xz,4,21,0.3717
xz,4,22,0.3451
xz,4,23,0.3346
xz,4,24,0.3529
xz,4,25,0.3766
xz,4,26,0.3791
xz,4,27,0.3892
xz,4,28,0.3665
xz,4,29,0.3618
xz,4,30,0.4023
xz,4,31,0.3946
xz,4,32,0.3373
xz,4,33,0.3361
xz,4,34,0.3623
xz,4,35,0.3528
xz,4,36,0.3313
xz,4,37,0.3181
xz,4,38,0.3174
xz,5,0,0.3059
xz,5,1,0.3098
xz,5,2,0.3100
xz,5,3,0.3181
xz,5,4,0.3415
xz,5,5,0.3436
xz,5,6,0.3383
xz,5,7,0.3733
xz,5,8,0.3989
xz,5,9,0.4046
xz,5,10,0.4052
xz,5,11,0.4002
xz,5,12,0.4150
xz,5,13,0.4246
xz,5,14,0.4135
xz,5,15,0.4068
xz,5,16,0.3963
xz,5,17,0.4088
xz,5,18,0.4336
xz,5,19,0.4565
xz,5,20,0.4506
xz,5,21,0.4133
xz,5,22,0.3963
xz,5,23,0.3949
xz,5,24,0.4017
xz,5,25,0.4261
xz,5,26,0.4463
xz,5,27,0.4383
xz,5,28,0.4264
xz,5,29,0.4376
xz,5,30,0.4515
xz,5,31,0.4351
xz,5,32,0.3771
xz,5,33,0.3683
xz,5,34,0.3830
xz,5,35,0.3572
xz,5,36,0.3459
xz,5,37,0.3467
xz,5,38,0.3360
xz,6,0,0.3243
xz,6,1,0.3165
xz,6,2,0.3304
xz,6,3,0.3747
xz,6,4,0.4202
xz,6,5,0.4138
xz,6,6,0.4081
xz,6,7,0.4525
xz,6,8,0.4909
xz,6,9,0.5087
xz,6,10,0.4967
xz,6,11,0.4855
xz,6,12,0.5209
xz,6,13,0.5350
xz,6,14,0.4938
xz,6,15,0.4826
xz,6,16,0.5000
xz,6,17,0.5269
xz,6,18,0.5123
xz,6,19,0.4750
xz,6,20,0.4919
xz,6,21,0.5316
xz,6,22,0.5251
xz,6,23,0.4891
xz,6,24,0.4809
xz,6,25,0.5300
xz,6,26,0.5567
xz,6,27,0.5342
xz,6,28,0.5190
xz,6,29,0.5382
xz,6,30,0.5483
xz,6,31,0.5147
xz,6,32,0.4448
xz,6,33,0.4263
xz,6,34,0.4571
xz,6,35,0.4174
xz,6,36,0.3579
xz,6,37,0.3363
xz,6,38,0.3549
xz,7,0,0.3383
xz,7,1,0.3456
xz,7,2,0.3777
xz,7,3,0.4365
xz,7,4,0.4892
xz,7,5,0.4832
xz,7,6,0.4833
xz,7,7,0.5059
xz,7,8,0.5540
xz,7,9,0.5868
xz,7,10,0.5650
xz,7,11,0.5353
xz,7,12,0.5551
xz,7,13,0.5914
xz,7,14,0.5694
xz,7,15,0.5361
xz,7,16,0.5626
xz,7,17,0.6037
xz,7,18,0.5617
xz,7,19,0.4809
xz,7,20,0.5322
xz,7,21,0.6090
xz,7,22,0.6067
xz,7,23,0.5540
xz,7,24,0.5586
xz,7,25,0.5965
xz,7,26,0.6011
xz,7,27,0.5759
xz,7,28,0.5861
xz,7,29,0.6072
xz,7,30,0.6049
xz,7,31,0.5676
xz,7,32,0.5228
xz,7,33,0.5003
xz,7,34,0.5202
xz,7,35,0.4869
xz,7,36,0.4194
xz,7,37,0.3709
xz,7,38,0.3718
xz,8,0,0.3934
xz,8,1,0.4176
xz,8,2,0.4602
xz,8,3,0.5028
xz,8,4,0.5548
xz,8,5,0.5683
xz,8,6,0.5774
xz,8,7,0.5828
xz,8,8,0.6041
xz,8,9,0.6372
xz,8,10,0.6418
xz,8,11,0.6138
xz,8,12,0.6258
xz,8,13,0.6738
xz,8,14,0.6954
xz,8,15,0.6549
xz,8,16,0.6563
xz,8,17,0.6752
xz,8,18,0.6390
xz,8,19,0.5483
xz,8,20,0.6054
xz,8,21,0.6873
xz,8,22,0.6911
xz,8,23,0.6692
xz,8,24,0.6898
xz,8,25,0.6948
xz,8,26,0.6678
xz,8,27,0.6492
xz,8,28,0.6634
xz,8,29,0.6807
xz,8,30,0.6609
xz,8,31,0.6371
xz,8,32,0.6191
xz,8,33,0.6031
xz,8,34,0.5980
xz,8,35,0.5676
xz,8,36,0.5127
xz,8,37,0.4636
xz,8,38,0.4419
xz,9,0,0.5015
xz,9,1,0.5343
xz,9,2,0.5721
xz,9,3,0.6104
xz,9,4,0.6656
xz,9,5,0.6857
xz,9,6,0.6853
xz,9,7,0.7064
xz,9,8,0.7408
xz,9,9,0.7612
xz,9,10,0.7639
xz,9,11,0.7716
xz,9,12,0.8224
xz,9,13,0.8772
xz,9,14,0.9059
xz,9,15,0.8790
xz,9,16,0.8719
xz,9,17,0.8642
xz,9,18,0.8531
xz,9,19,0.7805
xz,9,20,0.8317
xz,9,21,0.8798
xz,9,22,0.8934
xz,9,23,0.8904
xz,9,24,0.9031
xz,9,25,0.9062
xz,9,26,0.8771
xz,9,27,0.8254
xz,9,28,0.7977
xz,9,29,0.8098
xz,9,30,0.8066
xz,9,31,0.7766
xz,9,32,0.7432
xz,9,33,0.7393
xz,9,34,0.7398
xz,9,35,0.7016
xz,9,36,0.6490
xz,9,37,0.6024
xz,9,38,0.5645
xz,10,0,0.5581
xz,10,1,0.5944
xz,10,2,0.6278
xz,10,3,0.6830
xz,10,4,0.7470
xz,10,5,0.7658
xz,10,6,0.7507
xz,10,7,0.7705
xz,10,8,0.8141
xz,10,9,0.8257
xz,10,10,0.8122
xz,10,11,0.8434
xz,10,12,0.9428
xz,10,13,0.9909
xz,10,14,0.9757
xz,10,15,0.9633
xz,10,16,0.9735
xz,10,17,0.9387
xz,10,18,0.9355
xz,10,19,0.9012
xz,10,20,0.9303
xz,10,21,0.9469
xz,10,22,0.9809
xz,10,23,0.9823
xz,10,24,0.9680
xz,10,25,1.0000
xz,10,26,0.9963
xz,10,27,0.9138
xz,10,28,0.8519
xz,10,29,0.8698
xz,10,30,0.8859
xz,10,31,0.8599
xz,10,32,0.8255
xz,10,33,0.8354
xz,10,34,0.8474
xz,10,35,0.8094
xz,10,36,0.7386
xz,10,37,0.6724
xz,10,38,0.6296
xz,11,0,0.5540
xz,11,1,0.5725
xz,11,2,0.6083
xz,11,3,0.6620
xz,11,4,0.7166
xz,11,5,0.7275
xz,11,6,0.7380
xz,11,7,0.7649
xz,11,8,0.7906
xz,11,9,0.7930
xz,11,10,0.7853
xz,11,11,0.8033
xz,11,12,0.8847
xz,11,13,0.9090
xz,11,14,0.8747
xz,11,15,0.8561
xz,11,16,0.8918
xz,11,17,0.8835
xz,11,18,0.8898
xz,11,19,0.8841
xz,11,20,0.8946
xz,11,21,0.8939
xz,11,22,0.9173
xz,11,23,0.8832
xz,11,24,0.8621
xz,11,25,0.9122
xz,11,26,0.9295
xz,11,27,0.8622
xz,11,28,0.8233
xz,11,29,0.8434
xz,11,30,0.8634
xz,11,31,0.8592
xz,11,32,0.8282
xz,11,33,0.8138
xz,11,34,0.8267
xz,11,35,0.8073
xz,11,36,0.7347
xz,11,37,0.6618
xz,11,38,0.6321
xz,12,0,0.5262
xz,12,1,0.5410
xz,12,2,0.5750
xz,12,3,0.6227
xz,12,4,0.6626
xz,12,5,0.6808
xz,12,6,0.7329
xz,12,7,0.7662
xz,12,8,0.7587
xz,12,9,0.7424
xz,12,10,0.7586
xz,12,11,0.7933
xz,12,12,0.8198
xz,12,13,0.8086
xz,12,14,0.8021
xz,12,15,0.7906
xz,12,16,0.8267
xz,12,17,0.8555
xz,12,18,0.9060
xz,12,19,0.8915
xz,12,20,0.9093
xz,12,21,0.8919
xz,12,22,0.8764
xz,12,23,0.8251
xz,12,24,0.8172
xz,12,25,0.8373
xz,12,26,0.8515
xz,12,27,0.8320
xz,12,28,0.8105
xz,12,29,0.8022
xz,12,30,0.8287
xz,12,31,0.8547
xz,12,32,0.8353
xz,12,33,0.7871
xz,12,34,0.7802
xz,12,35,0.7687
xz,12,36,0.7072
xz,12,37,0.6413
xz,12,38,0.6219
xz,13,0,0.5208
xz,13,1,0.5417
xz,13,2,0.5791
xz,13,3,0.6141
xz,13,4,0.6478
xz,13,5,0.6907
xz,13,6,0.7430
xz,13,7,0.7653
xz,13,8,0.7398
xz,13,9,0.7172
xz,13,10,0.7368
xz,13,11,0.7802
xz,13,12,0.7841
xz,13,13,0.7520
xz,13,14,0.7457
xz,13,15,0.7489
xz,13,16,0.7922
xz,13,17,0.8359
xz,13,18,0.8994
xz,13,19,0.8919
xz,13,20,0.9061
xz,13,21,0.8753
xz,13,22,0.8466
xz,13,23,0.7985
xz,13,24,0.7851
xz,13,25,0.7902
xz,13,26,0.8042
xz,13,27,0.8143
xz,13,28,0.7897
xz,13,29,0.7733
xz,13,30,0.7987
xz,13,31,0.8457
xz,13,32,0.8488
xz,13,33,0.8055
xz,13,34,0.7813
xz,13,35,0.7582
xz,13,36,0.7098
xz,13,37,0.6440
xz,13,38,0.6154
xz,14,0,0.5150
xz,14,1,0.5144
xz,14,2,0.5347
xz,14,3,0.5634
xz,14,4,0.6059
xz,14,5,0.6485
xz,14,6,0.6728
xz,14,7,0.6813
xz,14,8,0.6830
xz,14,9,0.6710
xz,14,10,0.6753
xz,14,11,0.7028
xz,14,12,0.7329
xz,14,13,0.7143
xz,14,14,0.7024
xz,14,15,0.7079
xz,14,16,0.7504
xz,14,17,0.7781
xz,14,18,0.8449
xz,14,19,0.8714
xz,14,20,0.8589
xz,14,21,0.7985
xz,14,22,0.7857
xz,14,23,0.7548
xz,14,24,0.7336
xz,14,25,0.7393
xz,14,26,0.7548
xz,14,27,0.7407
xz,14,28,0.7081
xz,14,29,0.7144
xz,14,30,0.7406
xz,14,31,0.7651
xz,14,32,0.7710
xz,14,33,0.7595
xz,14,34,0.7484
xz,14,35,0.7166
xz,14,36,0.6657
xz,14,37,0.6096
xz,14,38,0.6018
xz,15,0,0.4732
xz,15,1,0.4568
xz,15,2,0.4381
xz,15,3,0.4769
xz,15,4,0.5540
xz,15,5,0.5906
xz,15,6,0.5759
xz,15,7,0.5753
xz,15,8,0.6129
xz,15,9,0.6302
xz,15,10,0.6256
xz,15,11,0.6291
xz,15,12,0.6924
xz,15,13,0.7096
xz,15,14,0.7081
xz,15,15,0.7194
xz,15,16,0.7629
xz,15,17,0.7984
xz,15,18,0.8506
xz,15,19,0.8583
xz,15,20,0.8398
xz,15,21,0.7950
xz,15,22,0.7831
xz,15,23,0.7546
xz,15,24,0.7232
xz,15,25,0.7197
xz,15,26,0.7192
xz,15,27,0.6659
xz,15,28,0.6382
xz,15,29,0.6586
xz,15,30,0.6738
xz,15,31,0.6610
xz,15,32,0.6571
xz,15,33,0.6850
xz,15,34,0.7013
xz,15,35,0.6576
xz,15,36,0.5775
xz,15,37,0.5509
xz,15,38,0.5757
xz,16,0,0.4223
xz,16,1,0.4236
xz,16,2,0.3951
xz,16,3,0.4257
xz,16,4,0.4973
xz,16,5,0.5286
xz,16,6,0.5094
xz,16,7,0.5106
xz,16,8,0.5475
xz,16,9,0.5605
xz,16,10,0.5465
xz,16,11,0.5607
xz,16,12,0.6255
xz,16,13,0.6439
xz,16,14,0.6716
xz,16,15,0.7037
xz,16,16,0.7540
xz,16,17,0.7942
xz,16,18,0.8485
xz,16,19,0.8447
xz,16,20,0.8227
xz,16,21,0.7702
xz,16,22,0.7392
xz,16,23,0.7092
xz,16,24,0.6646
xz,16,25,0.6409
xz,16,26,0.6316
xz,16,27,0.5883
xz,16,28,0.5515
xz,16,29,0.5706
xz,16,30,0.5870
xz,16,31,0.5770
xz,16,32,0.5688
xz,16,33,0.6200
xz,16,34,0.6366
xz,16,35,0.5945
xz,16,36,0.5434
xz,16,37,0.5411
xz,16,38,0.5424
xz,17,0,0.3965
xz,17,1,0.3896
xz,17,2,0.3574
xz,17,3,0.4033
xz,17,4,0.4824
xz,17,5,0.4776
xz,17,6,0.4439
xz,17,7,0.4423
xz,17,8,0.4657
xz,17,9,0.4588
xz,17,10,0.4633
xz,17,11,0.4907
xz,17,12,0.5616
xz,17,13,0.5784
xz,17,14,0.6126
xz,17,15,0.6620
xz,17,16,0.7132
xz,17,17,0.7295
xz,17,18,0.7696
xz,17,19,0.7704
xz,17,20,0.7371
xz,17,21,0.6741
xz,17,22,0.6423
xz,17,23,0.6096
xz,17,24,0.5779
xz,17,25,0.5475
xz,17,26,0.5512
xz,17,27,0.5141
xz,17,28,0.4777
xz,17,29,0.4761
xz,17,30,0.4822
xz,17,31,0.4845
xz,17,32,0.4923
xz,17,33,0.5374
xz,17,34,0.5818
xz,17,35,0.5669
xz,17,36,0.5074
xz,17,37,0.5082
xz,17,38,0.5206
xz,18,0,0.3686
xz,18,1,0.3432
xz,18,2,0.3195
xz,18,3,0.3828
xz,18,4,0.4522
xz,18,5,0.4418
xz,18,6,0.3930
xz,18,7,0.3992
xz,18,8,0.4287
xz,18,9,0.4513
xz,18,10,0.4563
xz,18,11,0.5011
xz,18,12,0.5569
xz,18,13,0.5774
xz,18,14,0.6062
xz,18,15,0.6643
xz,18,16,0.7147
xz,18,17,0.7022
xz,18,18,0.7254
xz,18,19,0.7347
xz,18,20,0.7043
xz,18,21,0.6354
xz,18,22,0.6205
xz,18,23,0.5911
xz,18,24,0.5404
xz,18,25,0.5188
xz,18,26,0.5418
xz,18,27,0.5237
xz,18,28,0.4731
xz,18,29,0.4720
xz,18,30,0.4703
xz,18,31,0.4434
xz,18,32,0.4319
xz,18,33,0.4888
xz,18,34,0.5467
xz,18,35,0.5274
xz,18,36,0.4589
xz,18,37,0.4447
xz,18,38,0.4655
xz,19,0,0.3729
xz,19,1,0.3474
xz,19,2,0.3233
xz,19,3,0.3745
xz,19,4,0.4271
xz,19,5,0.4034
xz,19,6,0.3651
xz,19,7,0.3885
xz,19,8,0.4042
xz,19,9,0.3967
xz,19,10,0.4315
xz,19,11,0.4901
xz,19,12,0.5647
xz,19,13,0.5828
xz,19,14,0.6120
xz,19,15,0.6754
xz,19,16,0.7177
xz,19,17,0.6900
xz,19,18,0.6947
xz,19,19,0.6921
xz,19,20,0.6665
xz,19,21,0.6096
xz,19,22,0.6078
xz,19,23,0.5871
xz,19,24,0.5269
xz,19,25,0.4909
xz,19,26,0.4998
xz,19,27,0.5039
xz,19,28,0.4537
xz,19,29,0.4186
xz,19,30,0.4367
xz,19,31,0.4321
xz,19,32,0.4058
xz,19,33,0.4638
xz,19,34,0.5099
xz,19,35,0.5005
xz,19,36,0.4551
xz,19,37,0.4362
xz,19,38,0.4800
xz,20,0,0.3797
xz,20,1,0.3461
xz,20,2,0.3245
xz,20,3,0.3635
xz,20,4,0.4081
xz,20,5,0.3996
xz,20,6,0.3943
xz,20,7,0.4121
xz,20,8,0.4173
xz,20,9,0.4105
xz,20,10,0.4414
xz,20,11,0.4934
xz,20,12,0.5835
xz,20,13,0.5931
xz,20,14,0.6108
xz,20,15,0.6590
xz,20,16,0.6745
xz,20,17,0.6274
xz,20,18,0.6196
xz,20,19,0.6186
xz,20,20,0.5896
xz,20,21,0.5452
xz,20,22,0.5657
xz,20,23,0.5616
xz,20,24,0.5101
xz,20,25,0.4772
xz,20,26,0.5026
xz,20,27,0.4941
xz,20,28,0.4631
xz,20,29,0.4325
xz,20,30,0.4375
xz,20,31,0.4576
xz,20,32,0.4259
xz,20,33,0.4540
xz,20,34,0.4885
xz,20,35,0.4863
xz,20,36,0.4520
xz,20,37,0.4401
xz,20,38,0.4817
xz,21,0,0.4108
xz,21,1,0.3677
xz,21,2,0.3534
xz,21,3,0.3929
xz,21,4,0.4281
xz,21,5,0.4348
xz,21,6,0.4561
xz,21,7,0.4745
xz,21,8,0.4620
xz,21,9,0.4370
xz,21,10,0.4708
xz,21,11,0.5680
xz,21,12,0.6503
xz,21,13,0.6507
xz,21,14,0.6710
xz,21,15,0.7100
xz,21,16,0.7017
xz,21,17,0.6434
xz,21,18,0.6450
xz,21,19,0.6553
xz,21,20,0.6214
xz,21,21,0.5573
xz,21,22,0.5831
xz,21,23,0.5931
xz,21,24,0.5535
xz,21,25,0.5153
xz,21,26,0.5326
xz,21,27,0.5107
xz,21,28,0.4892
xz,21,29,0.4606
xz,21,30,0.4843
xz,21,31,0.5131
xz,21,32,0.5017
xz,21,33,0.5082
xz,21,34,0.5475
xz,21,35,0.5335
xz,21,36,0.4834
xz,21,37,0.4790
xz,21,38,0.5061
xz,22,0,0.4729
xz,22,1,0.4450
xz,22,2,0.4042
xz,22,3,0.4336
xz,22,4,0.4947
xz,22,5,0.5137
xz,22,6,0.5083
xz,22,7,0.5360
xz,22,8,0.5469
xz,22,9,0.5398
xz,22,10,0.5982
xz,22,11,0.6670
xz,22,12,0.7096
xz,22,13,0.7014
xz,22,14,0.7245
xz,22,15,0.7470
xz,22,16,0.7425
xz,22,17,0.6981
xz,22,18,0.7023
xz,22,19,0.7200
xz,22,20,0.6944
xz,22,21,0.6450
xz,22,22,0.6543
xz,22,23,0.6501
xz,22,24,0.6302
xz,22,25,0.5878
xz,22,26,0.5849
xz,22,27,0.5821
xz,22,28,0.5375
xz,22,29,0.4901
xz,22,30,0.5084
xz,22,31,0.5480
xz,22,32,0.5493
xz,22,33,0.5737
xz,22,34,0.6125
xz,22,35,0.5963
xz,22,36,0.5384
xz,22,37,0.5318
xz,22,38,0.5569
xz,23,0,0.5247
xz,23,1,0.4868
xz,23,2,0.4444
xz,23,3,0.4943
xz,23,4,0.5669
xz,23,5,0.5826
xz,23,6,0.5928
xz,23,7,0.6423
xz,23,8,0.6762
xz,23,9,0.6748
xz,23,10,0.6993
xz,23,11,0.7409
xz,23,12,0.7631
xz,23,13,0.7406
xz,23,14,0.7444
xz,23,15,0.7507
xz,23,16,0.7574
xz,23,17,0.7302
xz,23,18,0.7327
xz,23,19,0.7428
xz,23,20,0.7363
xz,23,21,0.7019
xz,23,22,0.7170
xz,23,23,0.7001
xz,23,24,0.6687
xz,23,25,0.6466
xz,23,26,0.6580
xz,23,27,0.6521
xz,23,28,0.6147
xz,23,29,0.6011
xz,23,30,0.6254
xz,23,31,0.6432
xz,23,32,0.6232
xz,23,33,0.6200
xz,23,34,0.6538
xz,23,35,0.6324
xz,23,36,0.5496
xz,23,37,0.5470
xz,23,38,0.5834
xz,24,0,0.5532
xz,24,1,0.5197
xz,24,2,0.4695
xz,24,3,0.5307
xz,24,4,0.6304
xz,24,5,0.6600
xz,24,6,0.6745
xz,24,7,0.7347
xz,24,8,0.7774
xz,24,9,0.7728
xz,24,10,0.7475
xz,24,11,0.7519
xz,24,12,0.7846
xz,24,13,0.7690
xz,24,14,0.7474
xz,24,15,0.7361
xz,24,16,0.7653
xz,24,17,0.7545
xz,24,18,0.7561
xz,24,19,0.7518
xz,24,20,0.7665
xz,24,21,0.7599
xz,24,22,0.7770
xz,24,23,0.7391
xz,24,24,0.7110
xz,24,25,0.7136
xz,24,26,0.7195
xz,24,27,0.6888
xz,24,28,0.6530
xz,24,29,0.6813
xz,24,30,0.7181
xz,24,31,0.7222
xz,24,32,0.6846
xz,24,33,0.6824
xz,24,34,0.7125
xz,24,35,0.6529
xz,24,36,0.5494
xz,24,37,0.5514
xz,24,38,0.6030
xz,25,0,0.4997
xz,25,1,0.5097
xz,25,2,0.4967
xz,25,3,0.5463
xz,25,4,0.6333
xz,25,5,0.6768
xz,25,6,0.7093
xz,25,7,0.7651
xz,25,8,0.7784
xz,25,9,0.7595
xz,25,10,0.7383
xz,25,11,0.7218
xz,25,12,0.7407
xz,25,13,0.7498
xz,25,14,0.7441
xz,25,15,0.7153
xz,25,16,0.7602
xz,25,17,0.7615
xz,25,18,0.7668
xz,25,19,0.7350
xz,25,20,0.7762
xz,25,21,0.7963
xz,25,22,0.8050
xz,25,23,0.7612
xz,25,24,0.7500
xz,25,25,0.7577
xz,25,26,0.7264
xz,25,27,0.6901
xz,25,28,0.6697
xz,25,29,0.6971
xz,25,30,0.7197
xz,25,31,0.7385
xz,25,32,0.7146
xz,25,33,0.7018
xz,25,34,0.6981
xz,25,35,0.6311
xz,25,36,0.5508
xz,25,37,0.5494
xz,25,38,0.5674
xz,26,0,0.4137
xz,26,1,0.4231
xz,26,2,0.4492
xz,26,3,0.5147
xz,26,4,0.5767
xz,26,5,0.6158
xz,26,6,0.6618
xz,26,7,0.7010
xz,26,8,0.6879
xz,26,9,0.6576
xz,26,10,0.6469
xz,26,11,0.6538
xz,26,12,0.6544
xz,26,13,0.6726
xz,26,14,0.6834
xz,26,15,0.6638
xz,26,16,0.6988
xz,26,17,0.6916
xz,26,18,0.6866
xz,26,19,0.6694
xz,26,20,0.7097
xz,26,21,0.7349
xz,26,22,0.7550
xz,26,23,0.7346
xz,26,24,0.7308
xz,26,25,0.7300
xz,26,26,0.6820
xz,26,27,0.6721
xz,26,28,0.6562
xz,26,29,0.6365
xz,26,30,0.6418
xz,26,31,0.6771
xz,26,32,0.6709
xz,26,33,0.6313
xz,26,34,0.6140
xz,26,35,0.5611
xz,26,36,0.5035
xz,26,37,0.4778
xz,26,38,0.4723
xz,27,0,0.3924
xz,27,1,0.4214
xz,27,2,0.4175
xz,27,3,0.4542
xz,27,4,0.5394
xz,27,5,0.5962
xz,27,6,0.6242
xz,27,7,0.6499
xz,27,8,0.6657
xz,27,9,0.6387
xz,27,10,0.6237
xz,27,11,0.6375
xz,27,12,0.6456
xz,27,13,0.6079
xz,27,14,0.6017
xz,27,15,0.6262
xz,27,16,0.6509
xz,27,17,0.6380
xz,27,18,0.6454
xz,27,19,0.6562
xz,27,20,0.6822
xz,27,21,0.6829
xz,27,22,0.6987
xz,27,23,0.7068
xz,27,24,0.6951
xz,27,25,0.6829
xz,27,26,0.6977
xz,27,27,0.7168
xz,27,28,0.6896
xz,27,29,0.6717
xz,27,30,0.6731
xz,27,31,0.6668
xz,27,32,0.6305
xz,27,33,0.6020
xz,27,34,0.5617
xz,27,35,0.4766
xz,27,36,0.4349
xz,27,37,0.4274
xz,27,38,0.4373
xz,28,0,0.4511
xz,28,1,0.4847
xz,28,2,0.4745
xz,28,3,0.4905
xz,28,4,0.5654
xz,28,5,0.6375
xz,28,6,0.6381
xz,28,7,0.6266
xz,28,8,0.6509
xz,28,9,0.6581
xz,28,10,0.6375
xz,28,11,0.6219
xz,28,12,0.6239
xz,28,13,0.6033
xz,28,14,0.6003
xz,28,15,0.6464
xz,28,16,0.6767
xz,28,17,0.6408
xz,28,18,0.6493
xz,28,19,0.6559
xz,28,20,0.6881
xz,28,21,0.6917
xz,28,22,0.7124
xz,28,23,0.7364
xz,28,24,0.7217
xz,28,25,0.7121
xz,28,26,0.7281
xz,28,27,0.7306
xz,28,28,0.7252
xz,28,29,0.7288
xz,28,30,0.7044
xz,28,31,0.6501
xz,28,32,0.6185
xz,28,33,0.6169
xz,28,34,0.5618
xz,28,35,0.4756
xz,28,36,0.4494
xz,28,37,0.4651
xz,28,38,0.4432
xz,29,0,0.4557
xz,29,1,0.4566
xz,29,2,0.4561
xz,29,3,0.4901
xz,29,4,0.5511
xz,29,5,0.5796
xz,29,6,0.5591
xz,29,7,0.5528
xz,29,8,0.5824
xz,29,9,0.5795
xz,29,10,0.5558
xz,29,11,0.5436
xz,29,12,0.5401
xz,29,13,0.5488
xz,29,14,0.6080
xz,29,15,0.6269
xz,29,16,0.6418
xz,29,17,0.6060
xz,29,18,0.5793
xz,29,19,0.5530
xz,29,20,0.5961
xz,29,21,0.6321
xz,29,22,0.6654
xz,29,23,0.6965
xz,29,24,0.7136
xz,29,25,0.6726
xz,29,26,0.6422
xz,29,27,0.6430
xz,29,28,0.6549
xz,29,29,0.6473
xz,29,30,0.6320
xz,29,31,0.5709
xz,29,32,0.5387
xz,29,33,0.5315
xz,29,34,0.5144
xz,29,35,0.4574
xz,29,36,0.4394
xz,29,37,0.4382
xz,29,38,0.4292
xz,30,0,0.3918
xz,30,1,0.4009
xz,30,2,0.3820
xz,30,3,0.3997
xz,30,4,0.4923
xz,30,5,0.5499
xz,30,6,0.5379
xz,30,7,0.5135
xz,30,8,0.5315
xz,30,9,0.5291
xz,30,10,0.5092
xz,30,11,0.4770
xz,30,12,0.4562
xz,30,13,0.4913
xz,30,14,0.5462
xz,30,15,0.5401
xz,30,16,0.5257
xz,30,17,0.5079
xz,30,18,0.4690
xz,30,19,0.4299
xz,30,20,0.4644
xz,30,21,0.5139
xz,30,22,0.5302
xz,30,23,0.5576
xz,30,24,0.5995
xz,30,25,0.5644
xz,30,26,0.5165
xz,30,27,0.5239
xz,30,28,0.5683
xz,30,29,0.5773
xz,30,30,0.5683
xz,30,31,0.5291
xz,30,32,0.5224
xz,30,33,0.5262
xz,30,34,0.4828
xz,30,35,0.4023
xz,30,36,0.3656
xz,30,37,0.3952
xz,30,38,0.3866
xz,31,0,0.3439
xz,31,1,0.3876
xz,31,2,0.4124
xz,31,3,0.4145
xz,31,4,0.4515
xz,31,5,0.5358
xz,31,6,0.5358
xz,31,7,0.4876
xz,31,8,0.4835
xz,31,9,0.4768
xz,31,10,0.4611
xz,31,11,0.4213
xz,31,12,0.3975
xz,31,13,0.4269
xz,31,14,0.4499
xz,31,15,0.4420
xz,31,16,0.4272
xz,31,17,0.4162
xz,31,18,0.3996
xz,31,19,0.3621
xz,31,20,0.3851
xz,31,21,0.4162
xz,31,22,0.4133
xz,31,23,0.4248
xz,31,24,0.4536
xz,31,25,0.4418
xz,31,26,0.4122
xz,31,27,0.4309
xz,31,28,0.4876
xz,31,29,0.5127
xz,31,30,0.5138
xz,31,31,0.5049
xz,31,32,0.5288
xz,31,33,0.5486
xz,31,34,0.4872
xz,31,35,0.4182
xz,31,36,0.4096
xz,31,37,0.4034
xz,31,38,0.3701
xz,32,0,0.3483
xz,32,1,0.3803
xz,32,2,0.4093
xz,32,3,0.4076
xz,32,4,0.4190
xz,32,5,0.4714
xz,32,6,0.4689
xz,32,7,0.4470
xz,32,8,0.4388
xz,32,9,0.4100
xz,32,10,0.3867
xz,32,11,0.3711
xz,32,12,0.3675
xz,32,13,0.3781
xz,32,14,0.3853
xz,32,15,0.4019
xz,32,16,0.3909
xz,32,17,0.3669
xz,32,18,0.3677
xz,32,19,0.3468
xz,32,20,0.3666
xz,32,21,0.3795
xz,32,22,0.3711
xz,32,23,0.3811
xz,32,24,0.3830
xz,32,25,0.3801
xz,32,26,0.3825
xz,32,27,0.3769
xz,32,28,0.4020
xz,32,29,0.4308
xz,32,30,0.4632
xz,32,31,0.4719
xz,32,32,0.4782
xz,32,33,0.4898
xz,32,34,0.4512
xz,32,35,0.4058
xz,32,36,0.4035
xz,32,37,0.3889
xz,32,38,0.3538
xz,33,0,0.2881
xz,33,1,0.3275
xz,33,2,0.3457
xz,33,3,0.3414
xz,33,4,0.3808
xz,33,5,0.4222
xz,33,6,0.4113
xz,33,7,0.3846
xz,33,8,0.3759
xz,33,9,0.3465
xz,33,10,0.3095
xz,33,11,0.2956
xz,33,12,0.3154
xz,33,13,0.3339
xz,33,14,0.3497
xz,33,15,0.3546
xz,33,16,0.3518
xz,33,17,0.3265
xz,33,18,0.3294
xz,33,19,0.3326
xz,33,20,0.3377
xz,33,21,0.3381
xz,33,22,0.3372
xz,33,23,0.3479
xz,33,24,0.3528
xz,33,25,0.3439
xz,33,26,0.3379
xz,33,27,0.3159
xz,33,28,0.3213
xz,33,29,0.3584
xz,33,30,0.3985
xz,33,31,0.4100
xz,33,32,0.4255
xz,33,33,0.4373
xz,33,34,0.4127
xz,33,35,0.3593
xz,33,36,0.3421
xz,33,37,0.3367
xz,33,38,0.2963
xz,34,0,0.2205
xz,34,1,0.2688
xz,34,2,0.3114
xz,34,3,0.2947
xz,34,4,0.3140
xz,34,5,0.3690
xz,34,6,0.3867
xz,34,7,0.3280
xz,34,8,0.2799
xz,34,9,0.2838
xz,34,10,0.2759
xz,34,11,0.2513
xz,34,12,0.2777
xz,34,13,0.3188
xz,34,14,0.3365
xz,34,15,0.3229
xz,34,16,0.3069
xz,34,17,0.2927
xz,34,18,0.3093
xz,34,19,0.3351
xz,34,20,0.3182
xz,34,21,0.2967
xz,34,22,0.3024
xz,34,23,0.3082
xz,34,24,0.3171
xz,34,25,0.3198
xz,34,26,0.2969
xz,34,27,0.2703
xz,34,28,0.2880
xz,34,29,0.3097
xz,34,30,0.3008
xz,34,31,0.3290
xz,34,32,0.4059
xz,34,33,0.4180
xz,34,34,0.3556
xz,34,35,0.3113
xz,34,36,0.3211
xz,34,37,0.2961
xz,34,38,0.2300
xz,35,0,0.1862
xz,35,1,0.2275
xz,35,2,0.2824
xz,35,3,0.2798
xz,35,4,0.2681
xz,35,5,0.3083
xz,35,6,0.3326
xz,35,7,0.2945
xz,35,8,0.2599
xz,35,9,0.2602
xz,35,10,0.2514
xz,35,11,0.2329
xz,35,12,0.2731
xz,35,13,0.3060
xz,35,14,0.3176
xz,35,15,0.2969
xz,35,16,0.2978
xz,35,17,0.3031
xz,35,18,0.2957
xz,35,19,0.3297
xz,35,20,0.3120
xz,35,21,0.2879
xz,35,22,0.2867
xz,35,23,0.2690
xz,35,24,0.2983
xz,35,25,0.3035
xz,35,26,0.2872
xz,35,27,0.2530
xz,35,28,0.2638
xz,35,29,0.2779
xz,35,30,0.2672
xz,35,31,0.2867
xz,35,32,0.3524
xz,35,33,0.3622
xz,35,34,0.3086
xz,35,35,0.2830
xz,35,36,0.2971
xz,35,37,0.2626
xz,35,38,0.1899
xz,36,0,0.2276
xz,36,1,0.2581
xz,36,2,0.2688
xz,36,3,0.2762
xz,36,4,0.2748
xz,36,5,0.2850
xz,36,6,0.2759
xz,36,7,0.2745
xz,36,8,0.2680
xz,36,9,0.2604
xz,36,10,0.2404
xz,36,11,0.2232
xz,36,12,0.2530
xz,36,13,0.2854
xz,36,14,0.2998
xz,36,15,0.2761
xz,36,16,0.3069
xz,36,17,0.3310
xz,36,18,0.3146
xz,36,19,0.2916
xz,36,20,0.2999
xz,36,21,0.3168
xz,36,22,0.3086
xz,36,23,0.2611
xz,36,24,0.2824
xz,36,25,0.2922
xz,36,26,0.2739
xz,36,27,0.2380
xz,36,28,0.2500
xz,36,29,0.2643
xz,36,30,0.2568
xz,36,31,0.2593
xz,36,32,0.2716
xz,36,33,0.2986
xz,36,34,0.2863
xz,36,35,0.2835
xz,36,36,0.2759
xz,36,37,0.2656
xz,36,38,0.2406
xz,37,0,0.2251
xz,37,1,0.2639
xz,37,2,0.2815
xz,37,3,0.2700
xz,37,4,0.2487
xz,37,5,0.2891
xz,37,6,0.3028
xz,37,7,0.2791
xz,37,8,0.2471
xz,37,9,0.2542
xz,37,10,0.2532
xz,37,11,0.2183
xz,37,12,0.2082
xz,37,13,0.2521
xz,37,14,0.2989
xz,37,15,0.2959
xz,37,16,0.3266
xz,37,17,0.3592
xz,37,18,0.3441
xz,37,19,0.3185
xz,37,20,0.3274
xz,37,21,0.3507
xz,37,22,0.3415
xz,37,23,0.3074
xz,37,24,0.2956
xz,37,25,0.2783
xz,37,26,0.2358
xz,37,27,0.2107
xz,37,28,0.2360
xz,37,29,0.2440
xz,37,30,0.2292
xz,37,31,0.2430
xz,37,32,0.2868
xz,37,33,0.2910
xz,37,34,0.2648
xz,37,35,0.2651
xz,37,36,0.2831
xz,37,37,0.2770
xz,37,38,0.2514
xz,38,0,0.1963
xz,38,1,0.2283
xz,38,2,0.2471
xz,38,3,0.2352
xz,38,4,0.2256
xz,38,5,0.2759
xz,38,6,0.3018
xz,38,7,0.2840
xz,38,8,0.2596
xz,38,9,0.2460
xz,38,10,0.2393
xz,38,11,0.2130
xz,38,12,0.1974
xz,38,13,0.2507
xz,38,14,0.3055
xz,38,15,0.3366
xz,38,16,0.3685
xz,38,17,0.3779
xz,38,18,0.3605
xz,38,19,0.3307
xz,38,20,0.3441
xz,38,21,0.3673
xz,38,22,0.3692
xz,38,23,0.3456
xz,38,24,0.3289
xz,38,25,0.2884
xz,38,26,0.2192
xz,38,27,0.1931
xz,38,28,0.2121
xz,38,29,0.2243
xz,38,30,0.2246
xz,38,31,0.2553
xz,38,32,0.2976
xz,38,33,0.2978
xz,38,34,0.2425
xz,38,35,0.2298
xz,38,36,0.2416
xz,38,37,0.2451
xz,38,38,0.2112
yz,0,0,0.1715
yz,0,1,0.1935
yz,0,2,0.2316
yz,0,3,0.2483
yz,0,4,0.2251
yz,0,5,0.2060
yz,0,6,0.2031
yz,0,7,0.2056
yz,0,8,0.1970
yz,0,9,0.1643
yz,0,10,0.1580
yz,0,11,0.1851
yz,0,12,0.1934
yz,0,13,0.1872
yz,0,14,0.2056
yz,0,15,0.1983
yz,0,16,0.2015
yz,0,17,0.2333
yz,0,18,0.2955
yz,0,19,0.3304
yz,0,20,0.3246
yz,0,21,0.2711
yz,0,22,0.2308
yz,0,23,0.2015
yz,0,24,0.1980
yz,0,25,0.1880
yz,0,26,0.1698
yz,0,27,0.1468
yz,0,28,0.1336
yz,0,29,0.1445
yz,0,30,0.1574
yz,0,31,0.1728
yz,0,32,0.1910
yz,0,33,0.2037
yz,0,34,0.2057
yz,0,35,0.2268
yz,0,36,0.2367
yz,0,37,0.2277
yz,0,38,0.1812
yz,1,0,0.2087
yz,1,1,0.2213
yz,1,2,0.2397
yz,1,3,0.2734
yz,1,4,0.2545
yz,1,5,0.2168
yz,1,6,0.2027
yz,1,7,0.1950
yz,1,8,0.1748
yz,1,9,0.1698
yz,1,10,0.1587
yz,1,11,0.1363
yz,1,12,0.1663
yz,1,13,0.2225
yz,1,14,0.2334
yz,1,15,0.2302
yz,1,16,0.2344
yz,1,17,0.2445
yz,1,18,0.2806
yz,1,19,0.3060
yz,1,20,0.3008
yz,1,21,0.2570
yz,1,22,0.2420
yz,1,23,0.2265
yz,1,24,0.2267
yz,1,25,0.2284
yz,1,26,0.2051
yz,1,27,0.1452
yz,1,28,0.1413
yz,1,29,0.1633
yz,1,30,0.1445
yz,1,31,0.1641
yz,1,32,0.1953
yz,1,33,0.2157
yz,1,34,0.2409
yz,1,35,0.2658
yz,1,36,0.2630
yz,1,37,0.2496
yz,1,38,0.2311
yz,2,0,0.2181
yz,2,1,0.2117
yz,2,2,0.2219
yz,2,3,0.2469
yz,2,4,0.2409
yz,2,5,0.2080
yz,2,6,0.1890
yz,2,7,0.1858
yz,2,8,0.1642
yz,2,9,0.1790
yz,2,10,0.1571
yz,2,11,0.1410
yz,2,12,0.1618
yz,2,13,0.2153
yz,2,14,0.2221
yz,2,15,0.2064
yz,2,16,0.2068
yz,2,17,0.2354
yz,2,18,0.2406
yz,2,19,0.2267
yz,2,20,0.2417
yz,2,21,0.2524
yz,2,22,0.2276
yz,2,23,0.2187
yz,2,24,0.2160
yz,2,25,0.2208
yz,2,26,0.1943
yz,2,27,0.1453
yz,2,28,0.1586
yz,2,29,0.1659
yz,2,30,0.1600
yz,2,31,0.1586
yz,2,32,0.1818
yz,2,33,0.2010
yz,2,34,0.2245
yz,2,35,0.2388
yz,2,36,0.2358
yz,2,37,0.2276
yz,2,38,0.2276
yz,3,0,0.2117
yz,3,1,0.1857
yz,3,2,0.1749
yz,3,3,0.1976
yz,3,4,0.2116
yz,3,5,0.1919
yz,3,6,0.1699
yz,3,7,0.1820
yz,3,8,0.1874
yz,3,9,0.1700
yz,3,10,0.1590
yz,3,11,0.1513
yz,3,12,0.1611
yz,3,13,0.1677
yz,3,14,0.1691
yz,3,15,0.1652
yz,3,16,0.1785
yz,3,17,0.2051
yz,3,18,0.1991
yz,3,19,0.2172
yz,3,20,0.2105
yz,3,21,0.2157
yz,3,22,0.1847
yz,3,23,0.1706
yz,3,24,0.1659
yz,3,25,0.1578
yz,3,26,0.1506
yz,3,27,0.1433
yz,3,28,0.1565
yz,3,29,0.1824
yz,3,30,0.1763
yz,3,31,0.1680
yz,3,32,0.1626
yz,3,33,0.1778
yz,3,34,0.2011
yz,3,35,0.1950
yz,3,36,0.1850
yz,3,37,0.1908
yz,3,38,0.2119
yz,4,0,0.2229
yz,4,1,0.1966
yz,4,2,0.1828
yz,4,3,0.1867
yz,4,4,0.2003
yz,4,5,0.1836
yz,4,6,0.1693
yz,4,7,0.1760
yz,4,8,0.2078
yz,4,9,0.2095
yz,4,10,0.1962
yz,4,11,0.1924
yz,4,12,0.1556
yz,4,13,0.1655
yz,4,14,0.1544
yz,4,15,0.1671
yz,4,16,0.1609
yz,4,17,0.1642
yz,4,18,0.1638
yz,4,19,0.1979
yz,4,20,0.1833
yz,4,21,0.1729
yz,4,22,0.1680
yz,4,23,0.1513
yz,4,24,0.1501
yz,4,25,0.1616
yz,4,26,0.1548
yz,4,27,0.1957
yz,4,28,0.2038
yz,4,29,0.2101
yz,4,30,0.2208
yz,4,31,0.2000
yz,4,32,0.1678
yz,4,33,0.1824
yz,4,34,0.2000
yz,4,35,0.1971
yz,4,36,0.1886
yz,4,37,0.1982
yz,4,38,0.2246
yz,5,0,0.2730
yz,5,1,0.2351
yz,5,2,0.2203
yz,5,3,0.2430
yz,5,4,0.2450
yz,5,5,0.2161
yz,5,6,0.2104
yz,5,7,0.2225
yz,5,8,0.2661
yz,5,9,0.2497
yz,5,10,0.2291
yz,5,11,0.2195
yz,5,12,0.1946
yz,5,13,0.1938
yz,5,14,0.1833
yz,5,15,0.1856
yz,5,16,0.1765
yz,5,17,0.1882
yz,5,18,0.1937
yz,5,19,0.2122
yz,5,20,0.2052
yz,5,21,0.1937
yz,5,22,0.1715
yz,5,23,0.1834
yz,5,24,0.2052
yz,5,25,0.1894
yz,5,26,0.1970
yz,5,27,0.2290
yz,5,28,0.2493
yz,5,29,0.2546
yz,5,30,0.2811
yz,5,31,0.2641
yz,5,32,0.2181
yz,5,33,0.2233
yz,5,34,0.2360
yz,5,35,0.2475
yz,5,36,0.2339
yz,5,37,0.2260
yz,5,38,0.2699
yz,6,0,0.2914
yz,6,1,0.2529
yz,6,2,0.2363
yz,6,3,0.2548
yz,6,4,0.2566
yz,6,5,0.2289
yz,6,6,0.2305
yz,6,7,0.2479
yz,6,8,0.2916
yz,6,9,0.2690
yz,6,10,0.2271
yz,6,11,0.2217
yz,6,12,0.2156
yz,6,13,0.1975
yz,6,14,0.1971
yz,6,15,0.2146
yz,6,16,0.2035
yz,6,17,0.2094
yz,6,18,0.2144
yz,6,19,0.2274
yz,6,20,0.2151
yz,6,21,0.2304
yz,6,22,0.2151
yz,6,23,0.2132
yz,6,24,0.2303
yz,6,25,0.2219
yz,6,26,0.2255
yz,6,27,0.2448
yz,6,28,0.2504
yz,6,29,0.2554
yz,6,30,0.2822
yz,6,31,0.2768
yz,6,32,0.2501
yz,6,33,0.2663
yz,6,34,0.2488
yz,6,35,0.2638
yz,6,36,0.2593
yz,6,37,0.2455
yz,6,38,0.2841
yz,7,0,0.2504
yz,7,1,0.2506
yz,7,2,0.2419
yz,7,3,0.2382
yz,7,4,0.2378
yz,7,5,0.2489
yz,7,6,0.2526
yz,7,7,0.2610
yz,7,8,0.2659
yz,7,9,0.2545
yz,7,10,0.2293
yz,7,11,0.1973
yz,7,12,0.2057
yz,7,13,0.2121
yz,7,14,0.2243
yz,7,15,0.2337
yz,7,16,0.2246
yz,7,17,0.2114
yz,7,18,0.2259
yz,7,19,0.2313
yz,7,20,0.2368
yz,7,21,0.2279
yz,7,22,0.2319
yz,7,23,0.2438
yz,7,24,0.2493
yz,7,25,0.2415
yz,7,26,0.2401
yz,7,27,0.2259
yz,7,28,0.2214
yz,7,29,0.2595
yz,7,30,0.2594
yz,7,31,0.2496
yz,7,32,0.2584
yz,7,33,0.2728
yz,7,34,0.2524
yz,7,35,0.2487
yz,7,36,0.2692
yz,7,37,0.2740
yz,7,38,0.2579
yz,8,0,0.2525
yz,8,1,0.2432
yz,8,2,0.2242
yz,8,3,0.2288
yz,8,4,0.2419
yz,8,5,0.2782
yz,8,6,0.2824
yz,8,7,0.2658
yz,8,8,0.2906
yz,8,9,0.2802
yz,8,10,0.2675
yz,8,11,0.2323
yz,8,12,0.2287
yz,8,13,0.2323
yz,8,14,0.2420
yz,8,15,0.2461
yz,8,16,0.2532
yz,8,17,0.2798
yz,8,18,0.2869
yz,8,19,0.2734
yz,8,20,0.2841
yz,8,21,0.2809
yz,8,22,0.2526
yz,8,23,0.2487
yz,8,24,0.2579
yz,8,25,0.2535
yz,8,26,0.2365
yz,8,27,0.2099
yz,8,28,0.2294
yz,8,29,0.2697
yz,8,30,0.2964
yz,8,31,0.2650
yz,8,32,0.2789
yz,8,33,0.3017
yz,8,34,0.2638
yz,8,35,0.2420
yz,8,36,0.2480
yz,8,37,0.2606
yz,8,38,0.2725
yz,9,0,0.2402
yz,9,1,0.2196
yz,9,2,0.2419
yz,9,3,0.2421
yz,9,4,0.2934
yz,9,5,0.2828
yz,9,6,0.2721
yz,9,7,0.3107
yz,9,8,0.3479
yz,9,9,0.3302
yz,9,10,0.2875
yz,9,11,0.2664
yz,9,12,0.2591
yz,9,13,0.2760
yz,9,14,0.2701
yz,9,15,0.2656
yz,9,16,0.2903
yz,9,17,0.3217
yz,9,18,0.3192
yz,9,19,0.2993
yz,9,20,0.3165
yz,9,21,0.3159
yz,9,22,0.2792
yz,9,23,0.2455
yz,9,24,0.2564
yz,9,25,0.2743
yz,9,26,0.2599
yz,9,27,0.2558
yz,9,28,0.2756
yz,9,29,0.3087
yz,9,30,0.3270
yz,9,31,0.3189
yz,9,32,0.2842
yz,9,33,0.2886
yz,9,34,0.3128
yz,9,35,0.2869
yz,9,36,0.2402
yz,9,37,0.2353
yz,9,38,0.2594
yz,10,0,0.2347
yz,10,1,0.2188
yz,10,2,0.2326
yz,10,3,0.2831
yz,10,4,0.3261
yz,10,5,0.3377
yz,10,6,0.3265
yz,10,7,0.3350
yz,10,8,0.3537
yz,10,9,0.3471
yz,10,10,0.3084
yz,10,11,0.2744
yz,10,12,0.2609
yz,10,13,0.3032
yz,10,14,0.3086
yz,10,15,0.2933
yz,10,16,0.2849
yz,10,17,0.3076
yz,10,18,0.2974
yz,10,19,0.2743
yz,10,20,0.2968
yz,10,21,0.3053
yz,10,22,0.2725
yz,10,23,0.2975
yz,10,24,0.3015
yz,10,25,0.2988
yz,10,26,0.2769
yz,10,27,0.2532
yz,10,28,0.2898
yz,10,29,0.3224
yz,10,30,0.3313
yz,10,31,0.3355
yz,10,32,0.3297
yz,10,33,0.3435
yz,10,34,0.3425
yz,10,35,0.3177
yz,10,36,0.2705
yz,10,37,0.2402
yz,10,38,0.2423
yz,11,0,0.2602
yz,11,1,0.2543
yz,11,2,0.2686
yz,11,3,0.3042
yz,11,4,0.3225
yz,11,5,0.3337
yz,11,6,0.3256
yz,11,7,0.3112
yz,11,8,0.3098
yz,11,9,0.3273
yz,11,10,0.3297
yz,11,11,0.3038
yz,11,12,0.3234
yz,11,13,0.3811
yz,11,14,0.3867
yz,11,15,0.3480
yz,11,16,0.3443
yz,11,17,0.3519
yz,11,18,0.3553
yz,11,19,0.3412
yz,11,20,0.3526
yz,11,21,0.3543
yz,11,22,0.3474
yz,11,23,0.3456
yz,11,24,0.3762
yz,11,25,0.3820
yz,11,26,0.3540
yz,11,27,0.3229
yz,11,28,0.3363
yz,11,29,0.3476
yz,11,30,0.3169
yz,11,31,0.3064
yz,11,32,0.3272
yz,11,33,0.3342
yz,11,34,0.3307
yz,11,35,0.3143
yz,11,36,0.2901
yz,11,37,0.2718
yz,11,38,0.2659
yz,12,0,0.3141
yz,12,1,0.3062
yz,12,2,0.2951
yz,12,3,0.3122
yz,12,4,0.3329
yz,12,5,0.3340
yz,12,6,0.3129
yz,12,7,0.2920
yz,12,8,0.3081
yz,12,9,0.3792
yz,12,10,0.3621
yz,12,11,0.3545
yz,12,12,0.3612
yz,12,13,0.4143
yz,12,14,0.4304
yz,12,15,0.4077
yz,12,16,0.4038
yz,12,17,0.4152
yz,12,18,0.4228
yz,12,19,0.4001
yz,12,20,0.4100
yz,12,21,0.4213
yz,12,22,0.4111
yz,12,23,0.4130
yz,12,24,0.4276
yz,12,25,0.4444
yz,12,26,0.4051
yz,12,27,0.3668
yz,12,28,0.3747
yz,12,29,0.4131
yz,12,30,0.3654
yz,12,31,0.2992
yz,12,32,0.2930
yz,12,33,0.3230
yz,12,34,0.3433
yz,12,35,0.3180
yz,12,36,0.3035
yz,12,37,0.3124
yz,12,38,0.3162
yz,13,0,0.3625
yz,13,1,0.3458
yz,13,2,0.3164
yz,13,3,0.3382
yz,13,4,0.3821
yz,13,5,0.3975
yz,13,6,0.3878
yz,13,7,0.4017
yz,13,8,0.3889
yz,13,9,0.4440
yz,13,10,0.4155
yz,13,11,0.4401
yz,13,12,0.4504
yz,13,13,0.4587
yz,13,14,0.4989
yz,13,15,0.4886
yz,13,16,0.4760
yz,13,17,0.4732
yz,13,18,0.4760
yz,13,19,0.4683
yz,13,20,0.4550
yz,13,21,0.4697
yz,13,22,0.4776
yz,13,23,0.4826
yz,13,24,0.5149
yz,13,25,0.5034
yz,13,26,0.4534
yz,13,27,0.4217
yz,13,28,0.4313
yz,13,29,0.4737
yz,13,30,0.4369
yz,13,31,0.3975
yz,13,32,0.4039
yz,13,33,0.4032
yz,13,34,0.3900
yz,13,35,0.3717
yz,13,36,0.3239
yz,13,37,0.3406
yz,13,38,0.3579
yz,14,0,0.3854
yz,14,1,0.3770
yz,14,2,0.3551
yz,14,3,0.3958
yz,14,4,0.4329
yz,14,5,0.4641
yz,14,6,0.4746
yz,14,7,0.4858
yz,14,8,0.4641
yz,14,9,0.4962
yz,14,10,0.5037
yz,14,11,0.5194
yz,14,12,0.5571
yz,14,13,0.5369
yz,14,14,0.5284
yz,14,15,0.5064
yz,14,16,0.5005
yz,14,17,0.5089
yz,14,18,0.5205
yz,14,19,0.5304
yz,14,20,0.5144
yz,14,21,0.5145
yz,14,22,0.5154
yz,14,23,0.5039
yz,14,24,0.5406
yz,14,25,0.5406
yz,14,26,0.5397
yz,14,27,0.5267
yz,14,28,0.4994
yz,14,29,0.5007
yz,14,30,0.4743
yz,14,31,0.4703
yz,14,32,0.4851
yz,14,33,0.4708
yz,14,34,0.4468
yz,14,35,0.4356
yz,14,36,0.4022
yz,14,37,0.3770
yz,14,38,0.3948
yz,15,0,0.3575
yz,15,1,0.3783
yz,15,2,0.3764
yz,15,3,0.4102
yz,15,4,0.4479
yz,15,5,0.4906
yz,15,6,0.5067
yz,15,7,0.5065
yz,15,8,0.5254
yz,15,9,0.5650
yz,15,10,0.5668
yz,15,11,0.5823
yz,15,12,0.6175
yz,15,13,0.5779
yz,15,14,0.5667
yz,15,15,0.5461
yz,15,16,0.5628
yz,15,17,0.5563
yz,15,18,0.6018
yz,15,19,0.6259
yz,15,20,0.6011
yz,15,21,0.5545
yz,15,22,0.5619
yz,15,23,0.5575
yz,15,24,0.5785
yz,15,25,0.5748
yz,15,26,0.5916
yz,15,27,0.5839
yz,15,28,0.5584
yz,15,29,0.5683
yz,15,30,0.5419
yz,15,31,0.5020
yz,15,32,0.5004
yz,15,33,0.4972
yz,15,34,0.4761
yz,15,35,0.4625
yz,15,36,0.4318
yz,15,37,0.4164
yz,15,38,0.4119
yz,16,0,0.4177
yz,16,1,0.4614
yz,16,2,0.4507
yz,16,3,0.4543
yz,16,4,0.5229
yz,16,5,0.5732
yz,16,6,0.5784
yz,16,7,0.6074
yz,16,8,0.6085
yz,16,9,0.6122
yz,16,10,0.6134
yz,16,11,0.6332
yz,16,12,0.6438
yz,16,13,0.6139
yz,16,14,0.6392
yz,16,15,0.6231
yz,16,16,0.6771
yz,16,17,0.6656
yz,16,18,0.7024
yz,16,19,0.7258
yz,16,20,0.6982
yz,16,21,0.6542
yz,16,22,0.6344
yz,16,23,0.6291
yz,16,24,0.6403
yz,16,25,0.6289
yz,16,26,0.6236
yz,16,27,0.6283
yz,16,28,0.6110
yz,16,29,0.6159
yz,16,30,0.6074
yz,16,31,0.5960
yz,16,32,0.5874
yz,16,33,0.5913
yz,16,34,0.5538
yz,16,35,0.5162
yz,16,36,0.5013
yz,16,37,0.5096
yz,16,38,0.4954
yz,17,0,0.5105
yz,17,1,0.5583
yz,17,2,0.5678
yz,17,3,0.5737
yz,17,4,0.6211
yz,17,5,0.6629
yz,17,6,0.6738
yz,17,7,0.6673
yz,17,8,0.6666
yz,17,9,0.6978
yz,17,10,0.7203
yz,17,11,0.7050
yz,17,12,0.7082
yz,17,13,0.7600
yz,17,14,0.7974
yz,17,15,0.7617
yz,17,16,0.7604
yz,17,17,0.7488
yz,17,18,0.7581
yz,17,19,0.7685
yz,17,20,0.7546
yz,17,21,0.7575
yz,17,22,0.7736
yz,17,23,0.7584
yz,17,24,0.7843
yz,17,25,0.7885
yz,17,26,0.7378
yz,17,27,0.7232
yz,17,28,0.7413
yz,17,29,0.7343
yz,17,30,0.7066
yz,17,31,0.6931
yz,17,32,0.7249
yz,17,33,0.7311
yz,17,34,0.7030
yz,17,35,0.6686
yz,17,36,0.6447
yz,17,37,0.6234
yz,17,38,0.5865
yz,18,0,0.5581
yz,18,1,0.5944
yz,18,2,0.6223
yz,18,3,0.6519
yz,18,4,0.7131
yz,18,5,0.7370
yz,18,6,0.7238
yz,18,7,0.7200
yz,18,8,0.7551
yz,18,9,0.7813
yz,18,10,0.7829
yz,18,11,0.7830
yz,18,12,0.8497
yz,18,13,0.9200
yz,18,14,0.9232
yz,18,15,0.8858
yz,18,16,0.9123
yz,18,17,0.9125
yz,18,18,0.8842
yz,18,19,0.8007
yz,18,20,0.8589
yz,18,21,0.9231
yz,18,22,0.9380
yz,18,23,0.8998
yz,18,24,0.9071
yz,18,25,0.9389
yz,18,26,0.9023
yz,18,27,0.8272
yz,18,28,0.8119
yz,18,29,0.8217
yz,18,30,0.8184
yz,18,31,0.7922
yz,18,32,0.7895
yz,18,33,0.8064
yz,18,34,0.8075
yz,18,35,0.7672
yz,18,36,0.7185
yz,18,37,0.6724
yz,18,38,0.6321
yz,19,0,0.5532
yz,19,1,0.5755
yz,19,2,0.6278
yz,19,3,0.6830
yz,19,4,0.7470
yz,19,5,0.7658
yz,19,6,0.7507
yz,19,7,0.7705
yz,19,8,0.8141
yz,19,9,0.8257
yz,19,10,0.8122
yz,19,11,0.8434
yz,19,12,0.9428
yz,19,13,0.9909
yz,19,14,0.9757
yz,19,15,0.9633
yz,19,16,0.9735
yz,19,17,0.9387
yz,19,18,0.9355
yz,19,19,0.9012
yz,19,20,0.9303
yz,19,21,0.9469
yz,19,22,0.9809
yz,19,23,0.9823
yz,19,24,0.9680
yz,19,25,1.0000
yz,19,26,0.9963
yz,19,27,0.9138
yz,19,28,0.8519
yz,19,29,0.8698
yz,19,30,0.8859
yz,19,31,0.8599
yz,19,32,0.8488
yz,19,33,0.8354
yz,19,34,0.8474
yz,19,35,0.8094
yz,19,36,0.7386
yz,19,37,0.6653
yz,19,38,0.6291
yz,20,0,0.5178
yz,20,1,0.5321
yz,20,2,0.5849
yz,20,3,0.6352
yz,20,4,0.6913
yz,20,5,0.7182
yz,20,6,0.7170
yz,20,7,0.7651
yz,20,8,0.7944
yz,20,9,0.8143
yz,20,10,0.7947
yz,20,11,0.8137
yz,20,12,0.8899
yz,20,13,0.9119
yz,20,14,0.9100
yz,20,15,0.9171
yz,20,16,0.9126
yz,20,17,0.8753
yz,20,18,0.9060
yz,20,19,0.8919
yz,20,20,0.9093
yz,20,21,0.8919
yz,20,22,0.9142
yz,20,23,0.9305
yz,20,24,0.9151
yz,20,25,0.9224
yz,20,26,0.9330
yz,20,27,0.8814
yz,20,28,0.8354
yz,20,29,0.8633
yz,20,30,0.8745
yz,20,31,0.8433
yz,20,32,0.8174
yz,20,33,0.7937
yz,20,34,0.7923
yz,20,35,0.7579
yz,20,36,0.7117
yz,20,37,0.6421
yz,20,38,0.6127
yz,21,0,0.4729
yz,21,1,0.4880
yz,21,2,0.5158
yz,21,3,0.5426
yz,21,4,0.6011
yz,21,5,0.6441
yz,21,6,0.6870
yz,21,7,0.7304
yz,21,8,0.7282
yz,21,9,0.7485
yz,21,10,0.7261
yz,21,11,0.7383
yz,21,12,0.7815
yz,21,13,0.8015
yz,21,14,0.8117
yz,21,15,0.8079
yz,21,16,0.8085
yz,21,17,0.8321
yz,21,18,0.8766
yz,21,19,0.8545
yz,21,20,0.8632
yz,21,21,0.8720
yz,21,22,0.8409
yz,21,23,0.8130
yz,21,24,0.8137
yz,21,25,0.8132
yz,21,26,0.8194
yz,21,27,0.7822
yz,21,28,0.7596
yz,21,29,0.7899
yz,21,30,0.7857
yz,21,31,0.7438
yz,21,32,0.7122
yz,21,33,0.6892
yz,21,34,0.6786
yz,21,35,0.6608
yz,21,36,0.6386
yz,21,37,0.5846
yz,21,38,0.5639
yz,22,0,0.3989
yz,22,1,0.4139
yz,22,2,0.4435
yz,22,3,0.5070
yz,22,4,0.5514
yz,22,5,0.5931
yz,22,6,0.6386
yz,22,7,0.6438
yz,22,8,0.6178
yz,22,9,0.6306
yz,22,10,0.6437
yz,22,11,0.6546
yz,22,12,0.6841
yz,22,13,0.7029
yz,22,14,0.7133
yz,22,15,0.7194
yz,22,16,0.7525
yz,22,17,0.7573
yz,22,18,0.8129
yz,22,19,0.8385
yz,22,20,0.8120
yz,22,21,0.7874
yz,22,22,0.7580
yz,22,23,0.7546
yz,22,24,0.7295
yz,22,25,0.7128
yz,22,26,0.7079
yz,22,27,0.6937
yz,22,28,0.6740
yz,22,29,0.6740
yz,22,30,0.6715
yz,22,31,0.6646
yz,22,32,0.6279
yz,22,33,0.6099
yz,22,34,0.6242
yz,22,35,0.5915
yz,22,36,0.5416
yz,22,37,0.4936
yz,22,38,0.5150
yz,23,0,0.3849
yz,23,1,0.3937
yz,23,2,0.4030
yz,23,3,0.4313
yz,23,4,0.4909
yz,23,5,0.5416
yz,23,6,0.5366
yz,23,7,0.5261
yz,23,8,0.5730
yz,23,9,0.6078
yz,23,10,0.6130
yz,23,11,0.6153
yz,23,12,0.6593
yz,23,13,0.6725
yz,23,14,0.6780
yz,23,15,0.6844
yz,23,16,0.6948
yz,23,17,0.6719
yz,23,18,0.7249
yz,23,19,0.7507
yz,23,20,0.7284
yz,23,21,0.6725
yz,23,22,0.6926
yz,23,23,0.7105
yz,23,24,0.6914
yz,23,25,0.6823
yz,23,26,0.6782
yz,23,27,0.6479
yz,23,28,0.6418
yz,23,29,0.6410
yz,23,30,0.6286
yz,23,31,0.5981
yz,23,32,0.5608
yz,23,33,0.5619
yz,23,34,0.5733
yz,23,35,0.5452
yz,23,36,0.4574
yz,23,37,0.4400
yz,23,38,0.4758
yz,24,0,0.3711
yz,24,1,0.3601
yz,24,2,0.3784
yz,24,3,0.3890
yz,24,4,0.4576
yz,24,5,0.4628
yz,24,6,0.4567
yz,24,7,0.4800
yz,24,8,0.4808
yz,24,9,0.5179
yz,24,10,0.5305
yz,24,11,0.5483
yz,24,12,0.5765
yz,24,13,0.5791
yz,24,14,0.5953
yz,24,15,0.5953
yz,24,16,0.5934
yz,24,17,0.5696
yz,24,18,0.6220
yz,24,19,0.6220
yz,24,20,0.6184
yz,24,21,0.5813
yz,24,22,0.5931
yz,24,23,0.6118
yz,24,24,0.6030
yz,24,25,0.5947
yz,24,26,0.5886
yz,24,27,0.5769
yz,24,28,0.5520
yz,24,29,0.5514
yz,24,30,0.5302
yz,24,31,0.5047
yz,24,32,0.5016
yz,24,33,0.4784
yz,24,34,0.5221
yz,24,35,0.4864
yz,24,36,0.3975
yz,24,37,0.3851
yz,24,38,0.4219
yz,25,0,0.3608
yz,25,1,0.3551
yz,25,2,0.3534
yz,25,3,0.3929
yz,25,4,0.4281
yz,25,5,0.4348
yz,25,6,0.4725
yz,25,7,0.4962
yz,25,8,0.4719
yz,25,9,0.4588
yz,25,10,0.4904
yz,25,11,0.5200
yz,25,12,0.5511
yz,25,13,0.5338
yz,25,14,0.5337
yz,25,15,0.5383
yz,25,16,0.5419
yz,25,17,0.4969
yz,25,18,0.5248
yz,25,19,0.5383
yz,25,20,0.5296
yz,25,21,0.4948
yz,25,22,0.5064
yz,25,23,0.5317
yz,25,24,0.5396
yz,25,25,0.5334
yz,25,26,0.5418
yz,25,27,0.5237
yz,25,28,0.4998
yz,25,29,0.4761
yz,25,30,0.4843
yz,25,31,0.5158
yz,25,32,0.5169
yz,25,33,0.4759
yz,25,34,0.4757
yz,25,35,0.4510
yz,25,36,0.3982
yz,25,37,0.3770
yz,25,38,0.3937
yz,26,0,0.3480
yz,26,1,0.3508
yz,26,2,0.3444
yz,26,3,0.3908
yz,26,4,0.4301
yz,26,5,0.4213
yz,26,6,0.4351
yz,26,7,0.4517
yz,26,8,0.4476
yz,26,9,0.4311
yz,26,10,0.4480
yz,26,11,0.4934
yz,26,12,0.5105
yz,26,13,0.4846
yz,26,14,0.5099
yz,26,15,0.5467
yz,26,16,0.5553
yz,26,17,0.5231
yz,26,18,0.5420
yz,26,19,0.5422
yz,26,20,0.5368
yz,26,21,0.5177
yz,26,22,0.5430
yz,26,23,0.5440
yz,26,24,0.5101
yz,26,25,0.4887
yz,26,26,0.4863
yz,26,27,0.4941
yz,26,28,0.4631
yz,26,29,0.4420
yz,26,30,0.4686
yz,26,31,0.4772
yz,26,32,0.4610
yz,26,33,0.4433
yz,26,34,0.4619
yz,26,35,0.4501
yz,26,36,0.3886
yz,26,37,0.3663
yz,26,38,0.3778
yz,27,0,0.3860
yz,27,1,0.3930
yz,27,2,0.3754
yz,27,3,0.3901
yz,27,4,0.4256
yz,27,5,0.4093
yz,27,6,0.3901
yz,27,7,0.3886
yz,27,8,0.3817
yz,27,9,0.3956
yz,27,10,0.4145
yz,27,11,0.4401
yz,27,12,0.4471
yz,27,13,0.4278
yz,27,14,0.4403
yz,27,15,0.4653
yz,27,16,0.4827
yz,27,17,0.4589
yz,27,18,0.4685
yz,27,19,0.4652
yz,27,20,0.4676
yz,27,21,0.4569
yz,27,22,0.4830
yz,27,23,0.4808
yz,27,24,0.4461
yz,27,25,0.4223
yz,27,26,0.4208
yz,27,27,0.4423
yz,27,28,0.4235
yz,27,29,0.4007
yz,27,30,0.3993
yz,27,31,0.4105
yz,27,32,0.4040
yz,27,33,0.4050
yz,27,34,0.4410
yz,27,35,0.4187
yz,27,36,0.3835
yz,27,37,0.3958
yz,27,38,0.3985
yz,28,0,0.3708
yz,28,1,0.3769
yz,28,2,0.3763
yz,28,3,0.3804
yz,28,4,0.3995
yz,28,5,0.3970
yz,28,6,0.3650
yz,28,7,0.3531
yz,28,8,0.3543
yz,28,9,0.3714
yz,28,10,0.3645
yz,28,11,0.3824
yz,28,12,0.3854
yz,28,13,0.4108
yz,28,14,0.4063
yz,28,15,0.3855
yz,28,16,0.3956
yz,28,17,0.3807
yz,28,18,0.3741
yz,28,19,0.3522
yz,28,20,0.3719
yz,28,21,0.3789
yz,28,22,0.3866
yz,28,23,0.3880
yz,28,24,0.3815
yz,28,25,0.3951
yz,28,26,0.3795
yz,28,27,0.3846
yz,28,28,0.3758
yz,28,29,0.3568
yz,28,30,0.3607
yz,28,31,0.3494
yz,28,32,0.3547
yz,28,33,0.3880
yz,28,34,0.4084
yz,28,35,0.3814
yz,28,36,0.3744
yz,28,37,0.3836
yz,28,38,0.3725
yz,29,0,0.3148
yz,29,1,0.3114
yz,29,2,0.3276
yz,29,3,0.3588
yz,29,4,0.3870
yz,29,5,0.3840
yz,29,6,0.3629
yz,29,7,0.3457
yz,29,8,0.3474
yz,29,9,0.3481
yz,29,10,0.3242
yz,29,11,0.3180
yz,29,12,0.3381
yz,29,13,0.3619
yz,29,14,0.3721
yz,29,15,0.3502
yz,29,16,0.3564
yz,29,17,0.3646
yz,29,18,0.3562
yz,29,19,0.3409
yz,29,20,0.3547
yz,29,21,0.3639
yz,29,22,0.3520
yz,29,23,0.3518
yz,29,24,0.3668
yz,29,25,0.3594
yz,29,26,0.3382
yz,29,27,0.3235
yz,29,28,0.3096
yz,29,29,0.3287
yz,29,30,0.3436
yz,29,31,0.3331
yz,29,32,0.3519
yz,29,33,0.3802
yz,29,34,0.3897
yz,29,35,0.3684
yz,29,36,0.3454
yz,29,37,0.3278
yz,29,38,0.3163
yz,30,0,0.2894
yz,30,1,0.2854
yz,30,2,0.2701
yz,30,3,0.3188
yz,30,4,0.3770
yz,30,5,0.3493
yz,30,6,0.3146
yz,30,7,0.3228
yz,30,8,0.3562
yz,30,9,0.3637
yz,30,10,0.3447
yz,30,11,0.3372
yz,30,12,0.3766
yz,30,13,0.3943
yz,30,14,0.3891
yz,30,15,0.3800
yz,30,16,0.4037
yz,30,17,0.4124
yz,30,18,0.3887
yz,30,19,0.3592
yz,30,20,0.3813
yz,30,21,0.4114
yz,30,22,0.4184
yz,30,23,0.4009
yz,30,24,0.3954
yz,30,25,0.3964
yz,30,26,0.3889
yz,30,27,0.3548
yz,30,28,0.3310
yz,30,29,0.3546
yz,30,30,0.3678
yz,30,31,0.3279
yz,30,32,0.3191
yz,30,33,0.3465
yz,30,34,0.3752
yz,30,35,0.3461
yz,30,36,0.2932
yz,30,37,0.2752
yz,30,38,0.3040
yz,31,0,0.2889
yz,31,1,0.3224
yz,31,2,0.3118
yz,31,3,0.3177
yz,31,4,0.3365
yz,31,5,0.3233
yz,31,6,0.2906
yz,31,7,0.2851
yz,31,8,0.3353
yz,31,9,0.3890
yz,31,10,0.3885
yz,31,11,0.3637
yz,31,12,0.3964
yz,31,13,0.4225
yz,31,14,0.4174
yz,31,15,0.4058
yz,31,16,0.4161
yz,31,17,0.4252
yz,31,18,0.3844
yz,31,19,0.3614
yz,31,20,0.3836
yz,31,21,0.4178
yz,31,22,0.4406
yz,31,23,0.4188
yz,31,24,0.4230
yz,31,25,0.4288
yz,31,26,0.4288
yz,31,27,0.3800
yz,31,28,0.3706
yz,31,29,0.3979
yz,31,30,0.3722
yz,31,31,0.3065
yz,31,32,0.2711
yz,31,33,0.3058
yz,31,34,0.3465
yz,31,35,0.3259
yz,31,36,0.3015
yz,31,37,0.3131
yz,31,38,0.3120
yz,32,0,0.2714
yz,32,1,0.2817
yz,32,2,0.2934
yz,32,3,0.3040
yz,32,4,0.3026
yz,32,5,0.2793
yz,32,6,0.2528
yz,32,7,0.2634
yz,32,8,0.3239
yz,32,9,0.3838
yz,32,10,0.3870
yz,32,11,0.3675
yz,32,12,0.3861
yz,32,13,0.4101
yz,32,14,0.3891
yz,32,15,0.3603
yz,32,16,0.3628
yz,32,17,0.3546
yz,32,18,0.3755
yz,32,19,0.3793
yz,32,20,0.3802
yz,32,21,0.3597
yz,32,22,0.3733
yz,32,23,0.3700
yz,32,24,0.3787
yz,32,25,0.4096
yz,32,26,0.4127
yz,32,27,0.3788
yz,32,28,0.3731
yz,32,29,0.3865
yz,32,30,0.3610
yz,32,31,0.2882
yz,32,32,0.2611
yz,32,33,0.2848
yz,32,34,0.3101
yz,32,35,0.3110
yz,32,36,0.2945
yz,32,37,0.3092
yz,32,38,0.2912
yz,33,0,0.2721
yz,33,1,0.2724
yz,33,2,0.2659
yz,33,3,0.2611
yz,33,4,0.2717
yz,33,5,0.2630
yz,33,6,0.2485
yz,33,7,0.2629
yz,33,8,0.2969
yz,33,9,0.3363
yz,33,10,0.3327
yz,33,11,0.3310
yz,33,12,0.3500
yz,33,13,0.3600
yz,33,14,0.3306
yz,33,15,0.3040
yz,33,16,0.3064
yz,33,17,0.2992
yz,33,18,0.2947
yz,33,19,0.2975
yz,33,20,0.2902
yz,33,21,0.2874
yz,33,22,0.3009
yz,33,23,0.2954
yz,33,24,0.3167
yz,33,25,0.3476
yz,33,26,0.3646
yz,33,27,0.3440
yz,33,28,0.3289
yz,33,29,0.3226
yz,33,30,0.3145
yz,33,31,0.2787
yz,33,32,0.2610
yz,33,33,0.2775
yz,33,34,0.2850
yz,33,35,0.2673
yz,33,36,0.2722
yz,33,37,0.2849
yz,33,38,0.2780
yz,34,0,0.2734
yz,34,1,0.2516
yz,34,2,0.2285
yz,34,3,0.2545
yz,34,4,0.2682
yz,34,5,0.2428
yz,34,6,0.2220
yz,34,7,0.2513
yz,34,8,0.2802
yz,34,9,0.2506
yz,34,10,0.2506
yz,34,11,0.2499
yz,34,12,0.2648
yz,34,13,0.2763
yz,34,14,0.2761
yz,34,15,0.2608
yz,34,16,0.2725
yz,34,17,0.2677
yz,34,18,0.2483
yz,34,19,0.2629
yz,34,20,0.2579
yz,34,21,0.2490
yz,34,22,0.2605
yz,34,23,0.2723
yz,34,24,0.2678
yz,34,25,0.2742
yz,34,26,0.2802
yz,34,27,0.2637
yz,34,28,0.2365
yz,34,29,0.2381
yz,34,30,0.2643
yz,34,31,0.2525
yz,34,32,0.2267
yz,34,33,0.2415
yz,34,34,0.2647
yz,34,35,0.2585
yz,34,36,0.2333
yz,34,37,0.2369
yz,34,38,0.2594
yz,35,0,0.2753
yz,35,1,0.2484
yz,35,2,0.2266
yz,35,3,0.2506
yz,35,4,0.2513
yz,35,5,0.2260
yz,35,6,0.2177
yz,35,7,0.2347
yz,35,8,0.2442
yz,35,9,0.2106
yz,35,10,0.1971
yz,35,11,0.2014
yz,35,12,0.2128
yz,35,13,0.2128
yz,35,14,0.2318
yz,35,15,0.2369
yz,35,16,0.2334
yz,35,17,0.2427
yz,35,18,0.2335
yz,35,19,0.2317
yz,35,20,0.2361
yz,35,21,0.2328
yz,35,22,0.2285
yz,35,23,0.2408
yz,35,24,0.2386
yz,35,25,0.2251
yz,35,26,0.2280
yz,35,27,0.2288
yz,35,28,0.2033
yz,35,29,0.2062
yz,35,30,0.2311
yz,35,31,0.2198
yz,35,32,0.1976
yz,35,33,0.2191
yz,35,34,0.2367
yz,35,35,0.2481
yz,35,36,0.2211
yz,35,37,0.2259
yz,35,38,0.2570
yz,36,0,0.2750
yz,36,1,0.2699
yz,36,2,0.2520
yz,36,3,0.2523
yz,36,4,0.2456
yz,36,5,0.2336
yz,36,6,0.2199
yz,36,7,0.2268
yz,36,8,0.2397
yz,36,9,0.2290
yz,36,10,0.1861
yz,36,11,0.1943
yz,36,12,0.2026
yz,36,13,0.1951
yz,36,14,0.2125
yz,36,15,0.2230
yz,36,16,0.2268
yz,36,17,0.2500
yz,36,18,0.2601
yz,36,19,0.2373
yz,36,20,0.2398
yz,36,21,0.2527
yz,36,22,0.2221
yz,36,23,0.2275
yz,36,24,0.2255
yz,36,25,0.2087
yz,36,26,0.2080
yz,36,27,0.2184
yz,36,28,0.2079
yz,36,29,0.2229
yz,36,30,0.2379
yz,36,31,0.2065
yz,36,32,0.2026
yz,36,33,0.2121
yz,36,34,0.2332
yz,36,35,0.2511
yz,36,36,0.2424
yz,36,37,0.2488
yz,36,38,0.2694
yz,37,0,0.2751
yz,37,1,0.2804
yz,37,2,0.2580
yz,37,3,0.2377
yz,37,4,0.2441
yz,37,5,0.2202
yz,37,6,0.2115
yz,37,7,0.2014
yz,37,8,0.2352
yz,37,9,0.2268
yz,37,10,0.2230
yz,37,11,0.2018
yz,37,12,0.2160
yz,37,13,0.2127
yz,37,14,0.2353
yz,37,15,0.2323
yz,37,16,0.2448
yz,37,17,0.2198
yz,37,18,0.2425
yz,37,19,0.2255
yz,37,20,0.2328
yz,37,21,0.2351
yz,37,22,0.2293
yz,37,23,0.2424
yz,37,24,0.2406
yz,37,25,0.2266
yz,37,26,0.2108
yz,37,27,0.2229
yz,37,28,0.2385
yz,37,29,0.2206
yz,37,30,0.2297
yz,37,31,0.1933
yz,37,32,0.1827
yz,37,33,0.2050
yz,37,34,0.2299
yz,37,35,0.2348
yz,37,36,0.2430
yz,37,37,0.2570
yz,37,38,0.2801
yz,38,0,0.2520
yz,38,1,0.2457
yz,38,2,0.2599
yz,38,3,0.2578
yz,38,4,0.2201
yz,38,5,0.1962
yz,38,6,0.2056
yz,38,7,0.1803
yz,38,8,0.2351
yz,38,9,0.2307
yz,38,10,0.2425
yz,38,11,0.2173
yz,38,12,0.2309
yz,38,13,0.2505
yz,38,14,0.2575
yz,38,15,0.2374
yz,38,16,0.2366
yz,38,17,0.2187
yz,38,18,0.1990
yz,38,19,0.1908
yz,38,20,0.1903
yz,38,21,0.2050
yz,38,22,0.2273
yz,38,23,0.2360
yz,38,24,0.2454
yz,38,25,0.2420
yz,38,26,0.2290
yz,38,27,0.2424
yz,38,28,0.2587
yz,38,29,0.2311
yz,38,30,0.2351
yz,38,31,0.2053
yz,38,32,0.1893
yz,38,33,0.1878
yz,38,34,0.2030
yz,38,35,0.2144
yz,38,36,0.2502
yz,38,37,0.2273
yz,38,38,0.2566
