x_mm,y_mm,z_mm
9.000,15.340,17.876
10.500,15.340,17.876
12.000,15.340,17.876
13.500,15.340,17.876
15.000,15.340,17.876
16.500,15.340,17.876
18.000,15.340,17.876
19.500,15.340,17.876
21.000,15.340,17.876
22.500,15.340,17.876
24.000,15.340,17.876
25.500,15.340,17.876
27.000,15.340,17.876
28.500,15.340,17.876
30.000,15.340,17.876
31.500,15.340,17.876
33.000,15.340,17.876
34.500,15.340,17.876
36.000,15.340,17.876
37.500,15.340,17.876
39.000,15.340,17.876
9.750,16.639,17.876
10.500,17.938,17.876
11.250,19.237,17.876
12.000,20.536,17.876
12.750,21.835,17.876
13.500,23.134,17.876
14.250,24.433,17.876
15.000,25.732,17.876
15.750,27.031,17.876
16.500,28.330,17.876
17.250,29.629,17.876
18.000,30.928,17.876
18.750,32.227,17.876
19.500,33.526,17.876
20.250,34.825,17.876
21.000,36.124,17.876
21.750,37.423,17.876
22.500,38.722,17.876
23.250,40.021,17.876
24.000,41.321,17.876
9.750,15.773,19.101
10.500,16.206,20.326
11.250,16.639,21.551
12.000,17.072,22.775
12.750,17.505,24.000
13.500,17.938,25.225
14.250,18.371,26.449
15.000,18.804,27.674
15.750,19.237,28.899
16.500,19.670,30.124
17.250,20.103,31.348
18.000,20.536,32.573
18.750,20.969,33.798
19.500,21.402,35.023
20.250,21.835,36.247
21.000,22.268,37.472
21.750,22.701,38.697
22.500,23.134,39.922
23.250,23.567,41.146
24.000,24.000,42.371
38.250,16.639,17.876
37.500,17.938,17.876
36.750,19.237,17.876
36.000,20.536,17.876
35.250,21.835,17.876
34.500,23.134,17.876
33.750,24.433,17.876
33.000,25.732,17.876
32.250,27.031,17.876
31.500,28.330,17.876
30.750,29.629,17.876
30.000,30.928,17.876
29.250,32.227,17.876
28.500,33.526,17.876
27.750,34.825,17.876
27.000,36.124,17.876
26.250,37.423,17.876
25.500,38.722,17.876
24.750,40.021,17.876
38.250,15.773,19.101
37.500,16.206,20.326
36.750,16.639,21.551
36.000,17.072,22.775
35.250,17.505,24.000
34.500,17.938,25.225
33.750,18.371,26.449
33.000,18.804,27.674
32.250,19.237,28.899
31.500,19.670,30.124
30.750,20.103,31.348
30.000,20.536,32.573
29.250,20.969,33.798
28.500,21.402,35.023
27.750,21.835,36.247
27.000,22.268,37.472
26.250,22.701,38.697
25.500,23.134,39.922
24.750,23.567,41.146
24.000,40.454,19.101
24.000,39.588,20.326
24.000,38.722,21.551
24.000,37.856,22.775
24.000,36.990,24.000
24.000,36.124,25.225
24.000,35.258,26.449
24.000,34.392,27.674
24.000,33.526,28.899
24.000,32.660,30.124
24.000,31.794,31.348
24.000,30.928,32.573
24.000,30.062,33.798
24.000,29.196,35.023
24.000,28.330,36.247
24.000,27.464,37.472
24.000,26.598,38.697
24.000,25.732,39.922
24.000,24.866,41.146
